app ID, api IDs
10000, 16330
10001, 9280
10002, 20662
10003, 22097
10004, 12293
10005, 4339
10006, 22292
10007, 12614
10008, 16127 2162
10009, 17933 20663
10011, 8070 5185 9529 6275 22040 2796 6998 23141
10013, 22040 9529 8070 20671
10014, 22974
10015, 23151 18561 21938
10016, 5997
10017, 18561
10018, 22097
10019, 9529
10020, 16896
10022, 3828
10024, 21724 17566
10025, 8585
10027, 22413
10028, 13035
10029, 2583 7823 13299
10030, 4774
10031, 21675
10032, 21847
10033, 14040
10034, 20760
10035, 4300
10036, 11906
10038, 22804
10039, 14040 16724
10040, 23529
10041, 22312
10042, 5487
10043, 18319
10044, 6843
10045, 20550
10046, 16737
10047, 10337
10048, 10421
10049, 13188 22040 18319 20140 8867
10050, 17457
10051, 3533
10052, 19403 18104 3619 17885 21783 7234
10053, 21207 17182 1263
10054, 22221
10055, 16724
10056, 19090
10057, 18007 5417
10058, 5487
10059, 9742 14158 2583 22742 19503 9540
10060, 17479
10061, 4339
10062, 8400
10063, 23151
10064, 18721
10065, 21179
10066, 22874 20572 9529 8070
10067, 19503
10068, 19159
10069, 11967
10070, 22141
10071, 18625 20058
10072, 22579 18007 13532 13919
10073, 22105
10074, 1790
10075, 1976 20550 2583
10076, 3634 4444
10077, 5789
10078, 16366 2583 6380 18319 3529 10790
10079, 10375 20550 1736 4339
10080, 9529 4339 10025 10375 14040 8217 20671 11630 5867 23471
10081, 12931
10082, 22874 8070
10084, 11906
10085, 3373 7865 6711 12232 10184 5746 12041
10088, 13966
10089, 6843 10780 23445
10090, 3707
10091, 23047
10092, 3634 4444
10093, 5789
10094, 18319 10790 6331
10095, 15243
10096, 9529 22690
10097, 2583 14702 8070
10098, 10760
10099, 6843
10100, 21692
10101, 20473
10103, 4339 8070 2583 12193
10104, 13966
10105, 2230
10106, 11383
10107, 15068
10108, 19726 18035 16536
10109, 5789
10110, 18104
10111, 16127 5231
10112, 7061
10113, 2583
10114, 1057
10115, 14487 2583
10116, 11673
10117, 9340 2511 7234 20002
10118, 7234
10120, 7894
10121, 2583 8070 7684 9343 16462 20550 3828 5185 19534
10122, 17455
10123, 22141 18212 7075
10124, 3533 16724
10125, 5789
10126, 11818 14636
10127, 11538
10128, 2583
10130, 10760
10131, 12518 3772
10132, 23141
10133, 2583
10134, 22963
10135, 10324
10136, 14757 2580
10137, 11526 8314 22910
10139, 1827
10140, 9319 20352
10141, 13823
10142, 21847
10143, 5789
10144, 9098 16457
10145, 12798
10146, 4339 19159
10147, 18319 22517 16426 10790 20140 3529
10148, 10760
10149, 19159 6183
10150, 9529 20760 8070 8723 4339 8217
10151, 4339 10324 8915
10152, 10611 8675 20473 17933
10153, 23048
10154, 11906
10155, 2583
10156, 18561
10157, 10724
10158, 5789
10159, 16575
10160, 9529 8070 8723 16852
10161, 20375 18273 13596 12001
10162, 17566 4339
10164, 10760
10165, 9529 11133
10166, 20663 10324 9734 8070 5185
10167, 9529
10168, 15878 9529 8070
10169, 7308
10170, 8070
10171, 21675
10172, 10790
10173, 5789
10174, 15729
10175, 10033
10176, 22040
10177, 8724
10178, 1057
10179, 13035
10180, 21813
10181, 16038
10182, 10324
10183, 16896
10184, 16635
10185, 22481
10186, 7694
10187, 9529 8070 4339
10188, 5112
10189, 5789
10190, 11538 8070 13861 4339
10191, 17871
10192, 22040 14757 2580 17866 8867
10193, 2583
10194, 15926
10195, 10318
10196, 18982
10197, 9694
10198, 20663 4339 10324 4493
10199, 16896
10200, 23201
10201, 17315
10202, 8412
10203, 17111
10204, 4339 9529
10205, 5789
10206, 2583 3828
10209, 9529
10210, 15926
10211, 22690
10212, 2465
10213, 20140 18319 10790 7665 20758 3529
10215, 8532
10216, 15823
10217, 2583 20352
10218, 3843
10219, 17111
10220, 17656
10221, 5789
10222, 10382 10375 8070 3040
10223, 16481 10724
10224, 9984 20550 2583
10226, 15926
10227, 9601
10228, 8070
10229, 18625 21567 22097 13008 4976 19003 1836 5052 23391 13980
10230, 17457
10231, 10724
10232, 9529 8070 20760 4339 20671 13861
10233, 3828
10234, 1483
10235, 12328
10236, 17111
10237, 8070 9529 20760 14483
10238, 5789
10239, 16481
10240, 1621
10241, 10318 13725 3785 16657 16867 21283
10242, 15926
10243, 11538 10057
10244, 16330
10245, 3828 19621 1212
10246, 2583 12193
10247, 22141 3040
10248, 18311
10249, 4481
10250, 12420
10251, 8070 10355 9529 4339
10252, 17111
10253, 3621
10254, 11383 9340 7310 14774 3376
10255, 18504 21675
10256, 15926
10257, 15651
10258, 21675
10259, 22040 14757 2580 8867 8675
10260, 5617
10261, 18561
10262, 7151
10263, 10724
10264, 8070 9529 4339 8723
10265, 19090
10266, 8070 9529
10268, 6653 12614
10269, 17915
10270, 5342 7474
10271, 15651
10272, 15926
10273, 19503 22707
10274, 21885 4924
10275, 17566 4339
10276, 7676
10277, 7555
10278, 9178
10279, 20002
10280, 21663
10281, 2583
10284, 3621
10285, 14973 13362 5414 9412 16173 23109
10286, 4493
10287, 15926
10288, 18938 8070
10289, 1750
10290, 11471
10291, 10730
10292, 16108
10293, 19540 4449
10294, 19403
10296, 8070 9529 14743
10298, 9076 15968 12659 18152
10300, 4493
10301, 18319 7732
10302, 15926
10303, 9463
10304, 22646
10305, 10415
10306, 11471
10307, 4709
10308, 4652
10309, 16127 5231 2162
10310, 8227 8872
10311, 19503 2583 14487 8070
10312, 8070
10314, 2171
10315, 22974
10316, 21441
10317, 7302
10318, 15926
10319, 13301
10320, 1873
10321, 18426 10355 6380 22141 7075 10790 10328 7684
10322, 6843
10323, 4339 10291
10325, 10967 14998 16852 1866 13953 14091 8465 13102 9340 12223 22625 23152
10326, 2538 18319
10327, 16457
10328, 12193
10329, 13035 19375 7234 9664 4769 8854 8918 18851
10330, 20760
10331, 7903
10332, 2583 20663 10324
10333, 18311
10334, 15926
10335, 11872
10336, 21675
10337, 9529 15782
10338, 6813
10339, 21848 10573 22040 23141
10340, 8723
10342, 18597 8645
10343, 16457
10344, 2583 17457 16889 16566
10345, 11651
10347, 19912
10349, 15926
10350, 22040 5417 19540
10351, 15636 18319 7532
10352, 4498 2583 14278 9529
10354, 15782 18938 4339
10355, 12900
10356, 16945
10357, 16656 10445
10358, 13438
10360, 16795 11913
10361, 15987 12029
10362, 11906 14062
10363, 20760 2583
10364, 15926
10365, 21088 19327 20550 7035 11133
10366, 7026
10367, 9667
10368, 22193 10237
10369, 3151
10371, 8933
10372, 4339 8070 8217 19612
10373, 15968
10374, 12420 2583
10375, 12801
10376, 6278
10377, 5292 13161 2583
10378, 15926
10379, 2583
10380, 22045 6894
10381, 7370
10382, 2583 10355 4131 22141 16724
10383, 8620 9830
10384, 21675
10385, 21675
10386, 22045
10387, 4326
10388, 6993
10389, 5158
10390, 6278
10391, 21675 2583 3773
10392, 9216
10393, 8314
10394, 8853
10395, 20911 13705 9529 14483 8723
10396, 2583 4302
10397, 22857
10398, 6737 17474
10399, 12193
10400, 15926
10401, 10318 4848 23398
10402, 2583
10403, 2583 20550 4302 7234
10404, 6488 16512 22759
10405, 15782 17453 2583 19503
10406, 16124
10407, 6843
10408, 7903 6653
10409, 15397 17046 18956 15209
10410, 5789
10411, 22857
10412, 2583 9529 10405
10413, 5342
10414, 20760
10415, 15926
10416, 10318 13725 8070 9529
10417, 2583 6408
10418, 9529
10419, 10375 7540
10420, 15782
10421, 18182
10422, 16413 6624
10423, 10718
10424, 16124
10425, 5789
10426, 22857
10427, 2583 14487 9329
10428, 10790 15493
10429, 2583 23024 15068
10430, 13861
10431, 15926
10432, 2583
10433, 10318 13573 4870 16657
10434, 17457
10435, 8996 19499
10436, 7075
10437, 3586
10438, 20478 16141 12368 1898 4394 11394 19159 17876 8070 12440 19033 18020 16505 10724 11513
10439, 5789
10440, 5789
10441, 2583 14487 22896 5957
10442, 22857
10443, 4339 3056
10444, 7589 8070 9529 5185 11025 16781 16571 10384
10445, 18196 22193
10446, 19375 19403
10447, 15926
10448, 8723
10449, 10318
10450, 22814
10452, 22105
10453, 5789
10454, 2084 13028
10455, 2583
10456, 5789
10457, 4339 8070 9529
10458, 7097 18273 3237
10459, 9926 22974
10460, 7589 9529 8070 5185 11025 16781 16571 10384
10461, 22857
10462, 8723
10463, 10318 4870 3785 16657
10464, 22814
10465, 6722 8070 9529 4672 8723 12139 17315 5185
10466, 15926
10467, 16124
10469, 5789
10470, 14702
10471, 16462
10473, 5789
10474, 10375 22040 4339 11352
10475, 8070
10476, 22857
10477, 2583 20760
10478, 2716 9529 18891
10479, 16068
10480, 5863
10481, 10375 2583 8070 9529
10482, 9952
10483, 15926
10484, 12556 19159
10485, 22319 22814
10486, 10307 16823 14575
10487, 2583 14487
10488, 5789
10489, 22857
10490, 1790
10491, 22040 15516 9667
10492, 2583 5417 7903
10493, 3040 5789
10494, 2716
10495, 10318
10496, 20148 1792
10497, 15926
10498, 22141
10499, 22814
10500, 5308
10501, 10307 14575
10502, 15751 13861 4339
10503, 5789
10504, 17418
10505, 22857
10506, 9529 12242
10507, 19159
10508, 5789
10509, 10318
10510, 22040 5417
10511, 10318 3364
10512, 7312
10513, 15926
10514, 2583
10515, 22814 22703
10516, 10307 14575
10517, 3533 10724 2583 9329
10519, 19616
10520, 5789
10521, 22857
10522, 1671 13778
10523, 3040 13600 19327 7888 4342 2767 1372 19490
10524, 5789
10525, 10318
10526, 7097 18273 17980 19490 16183 12251 2771 23095 1094 7615
10527, 10318
10528, 15926
10529, 16724 11620
10530, 2583 20550 1976
10531, 7903 2583 13126
10532, 2583
10533, 4339 19612
10534, 10375 8070 13969 10382 20858 17620 10519 18473
10535, 10375 9529 4672 14487
10536, 22857
10537, 2583 17523
10538, 5789
10539, 2583
10540, 5789
10541, 5823
10543, 10318
10544, 2077
10545, 22141 1543
10546, 8070
10547, 15926
10548, 17131 20352 4339 12901 21744 20637
10549, 22040 5050 22096
10550, 16571 9186 5185 8723
10551, 2583
10552, 2583 14487
10554, 16124
10555, 5789
10556, 19744
10557, 5789
10558, 4339 20671
10559, 10318
10560, 22974 9926
10561, 15926
10562, 12223 5789 7374 12707 1599
10563, 7308 19503 12193 11011 16462 20550 22974 12223 22707 3533 10375 9529 8070
10566, 4502
10567, 22974
10568, 5789
10569, 5342
10570, 10318 13725
10571, 20633
10572, 2583 8070 9529
10573, 5789
10574, 2583
10575, 10318
10576, 6183 22808 2358 17933
10577, 16404
10578, 10307 14575 16823
10579, 15926
10580, 18319 21655
10581, 2583
10582, 18792 6183
10583, 4502
10584, 5789
10585, 7097 18273 19490 5342
10586, 20760 20383
10587, 10237
10588, 10318
10589, 5789
10590, 17632
10591, 10130
10592, 5342
10593, 19034
10594, 10307 14575
10595, 15926 15068
10596, 4339 19159 6183 8070 8217 13861 19612
10598, 9667 9529
10599, 8340
10600, 5789
10601, 7097 18273 5342
10602, 2583
10603, 22781
10604, 10318 16657
10605, 5789
10606, 2583
10607, 17632
10608, 4339 19159
10609, 10307 14575
10610, 15926
10612, 6393
10614, 20760 2583
10615, 22974
10616, 5789
10617, 5342
10618, 2583 19503
10619, 10318
10620, 3828
10621, 5789
10622, 22040
10623, 10375
10624, 7756
10625, 2583 7903 13126
10626, 15926
10627, 2583
10628, 11383
10629, 16716
10630, 2583
10631, 3533 10724 2583 9329
10633, 9952
10634, 5789
10635, 10318 12733
10636, 5789
10637, 2056
10638, 18319
10639, 14040 16724
10640, 21202
10641, 2583
10642, 19476 12223 11002 22625 16411 8059 10291 11224 8398 4887
10643, 10375 9529 12073
10644, 16124
10645, 8723
10646, 22690
10647, 8193 10355
10649, 5789
10650, 16571 13035 7234
10651, 10318
10652, 8070 9529 20760 5185
10653, 14040 3405
10654, 5789
10655, 4339 13861
10658, 8070 9529 8723 14483
10659, 21292
10660, 8070 9529 22690 12193 5185
10662, 19033
10664, 13325
10665, 2583 4302 3533 14299
10666, 5789
10667, 10318
10668, 12901 10546
10669, 5789
10670, 2023
10671, 2077
10672, 22040 15516 9667
10673, 2583 9529 21003
10674, 7474 21003 12912 4672
10675, 2052
10676, 22040 6380
10677, 19033
10678, 9529 13802
10679, 5789
10680, 2583 19503 14158
10681, 10318
10682, 13325
10684, 22259
10685, 8070 9529 8723 14483
10686, 17492
10687, 2077
10688, 4339 16462 12711 21365 15782 15076 5470
10689, 15314 21938
10690, 22105
10691, 2583
10692, 16571
10693, 15132
10694, 2583 17418
10695, 9529
10696, 6771
10697, 5789
10698, 10318 16657 16571 9529 8070
10699, 15383 9529 8723
10700, 6843 2583
10701, 5789
10702, 16168 16571 19403 3619 13035 19375 12223 23225 17479 3241 13795 4726 4110 7374 16815
10703, 2583
10704, 3828 8070 6107 19401
10705, 5891
10706, 2583
10707, 8070 16462 6380 20550 21499 3529
10708, 6784
10709, 19033
10710, 21463
10711, 13035
10713, 8882
10714, 4339 19159 8070
10715, 16724 20003
10716, 8070 13969 9109
10717, 4339 9186 12901 20760 5867
10718, 10318 6712
10719, 13035 7234 19375 12223 9664 19182
10720, 6572
10721, 3533 10724
10722, 2583
10723, 5188
10724, 1859
10725, 1046
10726, 17606
10727, 2583 8070
10728, 15926
10729, 4339 18792
10730, 10008 2353 22145 2643
10731, 12251
10732, 10318
10733, 20760
10734, 17722
10735, 2583
10736, 13035 4339
10737, 10375 2583 11526
10738, 15314 22663
10739, 3405 5188
10740, 1285
10741, 6572
10742, 4427
10743, 10318 16657
10744, 7400
10745, 2583 12193 3475
10746, 10375 2583 14702 8070 9529 9329 12193 20760
10747, 15926
10748, 9186
10749, 10375 9529 12193 21106 1211 7610
10750, 4339 19159
10751, 12901
10752, 2583
10753, 17928 5188
10754, 22040 8340 17549
10755, 17474
10756, 22974
10757, 15397 10348
10758, 10318 16657 13725 6720
10759, 7400
10760, 16124
10761, 19403 17479 16929
10762, 15926
10763, 2583
10764, 16724 4726
10766, 2583
10767, 13035
10768, 17744
10769, 3083
10770, 17474
10771, 2583
10772, 22690
10773, 22974
10774, 2583 8070
10775, 4339 19159
10776, 19375 13035 7234
10777, 15926
10778, 1223
10779, 6488 9876 16512 9109
10780, 5789
10781, 20633
10782, 17474
10783, 8070 9529
10784, 21675
10785, 12193 22974
10786, 2583 4302
10787, 15068 22750 19695
10788, 15926
10789, 22141 13035 5153 18625 16105
10790, 5789
10791, 8070 9529 8723
10792, 22105
10793, 2583
10794, 12193
10795, 2583 10355
10796, 5789
10797, 6994 1609
10798, 2583 4339 9529 10382 9329 2089 8375
10799, 2583
10800, 5789
10801, 9529
10802, 11464
10803, 4339
10804, 9529
10805, 2583
10806, 10375 2583
10807, 5789
10808, 6107 14309
10809, 4339
10810, 4339 8070 9529 20352 13630 5613 19757 20760 13969 7122 8169 19430 21478
10811, 18938
10812, 14702
10813, 2583
10814, 2583 9529
10815, 15397 20352 12193 11548
10816, 17176 17649
10817, 7234
10818, 10375 2583 20352
10819, 16126 23410
10820, 22040 8340
10821, 20671
10822, 2583 18655 14487
10823, 14925
10824, 5789
10825, 2583 14460 7903
10826, 9186
10827, 6843 2583
10828, 6843
10829, 20760
10830, 4339 19159 22808 13861 20858 22259
10831, 20760 14483
10832, 19318
10833, 13188 22040 15561 21783 22733 8851 10790 18390 15739 11588 22998
10834, 20760
10835, 8070 2796
10836, 17775
10837, 23410
10838, 8070 8723 18097
10839, 20760 20383
10840, 5789
10842, 10324 20760
10843, 15068
10844, 2583 4339 10467 15607 16882
10845, 2583
10846, 22040
10847, 4339
10848, 17017
10849, 6843 12193 13969 4765
10851, 7525
10852, 4339 15782
10853, 16571
10854, 2583
10855, 19375 12223 9664 13035 7234
10856, 2583 14702
10857, 5789
10858, 23301 13672
10859, 2583 19159 8070 9529 14743
10860, 11352 9529
10861, 13529
10862, 2583
10863, 2583 9529
10864, 18938 15782
10866, 12193
10867, 21009 21848
10868, 2583
10869, 2583
10870, 17744
10871, 9529
10872, 2583
10873, 6737
10874, 2583
10875, 2583
10876, 6843
10877, 10375 9529 13969
10878, 4339 17933
10879, 4071
10880, 5789
10881, 9529 18938 2230 15782
10883, 4339 19159 12189
10884, 2947 19305 22621
10885, 2583 1976 17927
10886, 9529 20352
10887, 2583
10888, 10375
10889, 2583 14702 8070 7889 9343 3364 10967 10318 10567 12420
10890, 2583
10891, 2583
10892, 4173
10893, 2583 9329
10894, 2583 20550 16462 23141 7903 1952 19282
10895, 19159
10896, 5789
10897, 2583 12193
10898, 9529
10899, 4079 8070 9529 8723 20671 5185 14483
10900, 4339 19159 6183
10901, 6843 15397 22750 10601
10902, 20760
10903, 6843 4765
10905, 2583 19159 6183 8070 13969
10906, 8070 13969
10907, 14702
10908, 2583 3533
10909, 2583
10910, 6843 15397 1790
10911, 4339 9529
10912, 5789
10913, 20760
10914, 2583 6343
10915, 8070
10916, 2583
10917, 15302 5867
10918, 22105
10919, 11838
10920, 6838
10921, 20473
10922, 15302
10923, 2583
10924, 8070 9529 2723 8723
10925, 4339 8070 9529 12901
10926, 3040 2583 4339 9529 23024 22690 16462 12901 7903 19582 5185 20606
10927, 5789
10928, 22040 4339 9529
10929, 13437
10930, 13969
10931, 3083 10025 19401
10932, 8070 9529
10933, 10168
10934, 10467 8070
10935, 2583
10936, 9529
10937, 6838
10938, 6843
10939, 2583
10940, 18362 18668
10941, 2583
10942, 5789
10943, 5789
10944, 2583 9529 3695
10945, 8070 5742 8723
10946, 6183 20352 6424
10947, 19516 11906
10948, 2583 4302
10949, 20760
10950, 2583
10951, 9529
10952, 2583 6838
10953, 22221
10954, 2583 2089
10956, 15314 11679
10957, 5789
10958, 5789
10959, 8070 3046
10960, 19516
10961, 2583 17337
10962, 5789
10963, 2583 2035 6380
10964, 2583
10965, 5613 12901 15068 22750 5363
10966, 2583
10967, 6380
10968, 2583
10969, 2583 19034 6838
10971, 9529 19250 8723 19046 23104 18655 1380 16852 2921 6117 23036 3844 17015 23611 11538 23641 4659 1046 18248 20918
10972, 19403 10355 4131 6870
10973, 4339 12901
10974, 5789
10975, 18362
10976, 5789
10977, 5789
10978, 2583 4302 7903
10979, 23141 17549
10980, 16462 15314 7684 3151 3813 22781
10982, 10375 19375 12223 8070 10382 9664 13035 23329 8892 2336 7234
10983, 6224
10984, 17176
10985, 13600 7823
10986, 5789
10987, 14702
10988, 2583
10989, 18792
10990, 6838
10991, 5789
10992, 22141
10993, 17744
10994, 23141 17549
10995, 15782
10996, 10375 22141 4726
10997, 6224
10998, 22105
10999, 4339
11000, 11106
11001, 2583
11002, 5789
11003, 2583
11004, 6838
11005, 8723 13969
11006, 5789
11007, 2583 8070 20760
11008, 19159 9529
11009, 23605
11010, 7075
11011, 9667 4726 15782
11012, 6843
11013, 3083
11014, 17744
11015, 8070
11016, 10249 17963 16973
11018, 2583 8070
11019, 2583
11020, 4339 19159
11021, 17649
11022, 4339 4427
11023, 5789
11024, 12223
11025, 10375 22591 3083 13718
11026, 5789
11027, 6737
11028, 17418 2077 21202
11029, 22690
11030, 2583
11031, 19159 22808 23632
11032, 12223 5742 7525 13969 7479
11033, 2583 9529
11034, 8423
11035, 19318
11036, 2583 9529 12193
11037, 8666
11038, 4339 8070 9529
11039, 5789
11040, 2583
11042, 2583
11043, 21626 14309
11044, 20760
11045, 5789
11046, 1727
11047, 4339 1172
11048, 2583 8459
11049, 2583 2723 10168 6107 4302 6870
11050, 17928 10440
11052, 12193
11053, 2583 10382 18079 17418 19182 4131 21848 12901 15068 12556 19695 5185 17601 7234
11054, 22040 19540
11055, 5789
11056, 2583
11057, 2583 15397 12193
11058, 14672
11059, 9765 20059 14828
11060, 5789
11061, 14309
11062, 2583
11063, 20886
11064, 10375
11065, 2583 8070 18655 11394 13969
11066, 22040 8340 9258 8315 17549
11067, 5789
11068, 23141
11069, 23083
11070, 4339 8070
11071, 4848
11072, 2583 6813
11073, 2583
11074, 9186 13861 6454
11075, 9529
11076, 21626 14309
11077, 2583
11078, 2583 6288 2059
11080, 5789
11081, 16724 7374
11082, 16571
11083, 15068
11084, 13861
11085, 10375 2583 4339 8070 9529 20760
11086, 4427
11087, 2583 8858
11088, 16949
11089, 10375 19159 8070
11091, 9529
11092, 5789
11094, 2583 9952
11095, 9529
11096, 5789
11097, 2583
11098, 19159 18938
11099, 12981
11100, 10375 2583 20760
11101, 2583 1337 19282
11102, 4339 19159 6183 9529 2723
11103, 14702 22974
11104, 16354
11106, 5789
11107, 13642
11108, 15782
11109, 10168 13969
11110, 2583
11111, 22105
11112, 2583
11113, 2583 6107 15370 4302 14487 19514
11115, 8070 9529 12193
11116, 8070 18938
11117, 9529
11118, 4339 8070 9529 9186 20760 13969 5185 14483
11119, 19503
11120, 5789
11121, 2583 4302 7903
11122, 5789
11123, 4339 19159 13969
11124, 4339 4770
11126, 2583 9529
11127, 5891 22769
11128, 19159
11129, 16571
11130, 18891
11131, 21233
11132, 2583 14487
11133, 4339 19159
11134, 5789
11135, 7525
11136, 13861 20287
11137, 4302
11138, 5789
11139, 8070 13969
11140, 9529 22141 12711
11141, 22519
11142, 1743
11143, 15397
11144, 8716 12711 15813
11145, 6525
11147, 7525
11148, 5789
11150, 5789
11151, 20372 7684
11152, 4339 8423
11153, 8070 9529
11154, 4889
11155, 2583 7308
11156, 6843
11157, 6525
11158, 9529 12193 12711
11159, 2583 6380
11160, 2583 9529
11161, 5789
11162, 2583 14460
11163, 9529 13969
11164, 4339 22808
11165, 9258 12258
11166, 3056
11167, 9529 10886
11168, 2583 8070 9529 8723 16462 5185 11818 14483
11169, 10355 10508 2723 19318 4131 6870
11170, 5789
11171, 2583 13845 23024 7903 19282
11173, 20760
11174, 17744
11175, 20760
11176, 19159 17933
11177, 2583
11178, 8340 9529 4131 10415 23141 13969 4264 17549
11179, 5789
11180, 20760
11181, 16571
11182, 20760 19282
11183, 22808 17454
11184, 2583 6155
11185, 11464
11186, 5789
11187, 7374
11189, 2583
11191, 13861
11192, 2583
11193, 2583 20550 9742 1976
11194, 1056
11195, 20352
11196, 10816
11197, 12901
11198, 16724 1635
11199, 8070 9529
11201, 9529
11202, 2583 9529
11203, 4339 19159
11204, 16724 7374
11205, 15397
11206, 12223 4264
11209, 10375 4339 9529 20760
11210, 20699
11211, 13188 22040
11212, 10324 23199
11213, 10647 10862 6903 6668
11214, 6525
11215, 14652 5010 7517 12803
11216, 2583 12223 6107 6155
11217, 20699
11219, 4339 13861
11220, 8070 12193 10452
11221, 15782
11222, 20699 6525 19514
11223, 22778
11224, 8070 9529
11225, 8723 20699 12193
11226, 4339
11227, 2583 2035
11228, 10375 6722 4079 4339 19159 20572 10355 9529 19503 8217 8723 9186 18132 13861 22690 18763 16724 18713 11025 12193 7374 13035 20760 17038 16781 5660 17015 18775 13705 20625 17315 10384 7476 8349
11229, 8070 12193
11230, 6525
11231, 22778
11232, 22040
11233, 9529
11234, 22040
11235, 7520
11236, 8070 9529
11237, 2583 6107 16462 20197
11238, 17267
11239, 4339 9186
11241, 22703
11242, 10254
11243, 3040 2583 8070 22141 14487
11244, 4339
11245, 13642
11246, 10375 2583 4339 23024 3533 7903 7082 20606 1952
11248, 9529 19503 12193
11249, 2002 19340
11250, 13796
11251, 9529 16724
11252, 22040 2580
11253, 10375 12901
11254, 6722 13782 20699
11255, 12223 4264
11256, 16724 7374 11383
11257, 12193
11258, 11645
11259, 9529
11260, 21693
11262, 9529 20760 20383
11263, 12120
11264, 4339
11265, 2583
11266, 9529 12711 2089
11267, 19503 12193
11268, 18319 20140 23450 10790 20549
11269, 5742 16724 2987 20916 3427
11270, 10375 4339 6243 11099 8217 13630 9507 14915 20760 19612
11271, 19403 10355 2723 23388 3833 14743 12193 6870 13035 7234
11272, 15034 5286
11273, 2583 13969
11274, 23199
11275, 22040 19540 2580 8315 4449
11276, 2921
11277, 4339 23199 15782
11278, 2583 4339 8070
11279, 12901
11280, 1220
11282, 10375 20760 5867
11283, 10375 4339 8070 9529
11284, 10375 4339 6243 11099 8217 1132 13630 14915 20760 19612 21597
11285, 2583 4672 2230
11286, 2583 8070 9529 14483
11287, 4339 12223 8217 10967 5569 10567 17287
11288, 6843 2583
11289, 1274
11290, 2583
11291, 8070
11292, 2583
11293, 6843 2583
11294, 8070 9529 4427
11295, 12901
11296, 20515
11297, 3083
11298, 1220
11299, 2583 19034 13035 14477
11300, 4339 12223 9529 12901
11301, 9529
11302, 16342
11303, 2052
11304, 16852 23641
11305, 2583 9329 12193
11306, 13861
11307, 6843
11308, 12223 5742 9529 2987
11309, 20671
11310, 12901
11311, 4339 8070 9529 20671 9422 5185
11312, 2115
11313, 2051
11314, 1220
11315, 4339 9529 16342
11316, 2583 15397 3833 12193 1609 21138 16882
11317, 2583 4302
11318, 19503 4554
11319, 10375 8070 5867
11321, 10375 6722 4339 10355 10382 4131 21848 2002
11322, 20760
11323, 20383
11324, 8070 5742 9742 16724 4726 2987 4264
11325, 9529
11326, 17632
11327, 17015 21564
11328, 12193
11329, 1220
11330, 4339 5293 12901
11331, 8070
11332, 16724 13285
11333, 2583 10382 23024
11334, 8070 9529
11335, 10375
11336, 9529
11337, 4339 19159 23199
11338, 16852
11339, 8070 12367
11340, 12223
11341, 8070 16724 4726 11383
11342, 2583 12193
11343, 4339 8070
11344, 18655 22101
11345, 4339 8070 9529 12901
11346, 8070 9529 12193
11347, 20548
11348, 6722 10742 18884 13642 5119
11349, 4339
11350, 2583 17420 12223 6870 7903 13969
11351, 9529
11352, 1931
11353, 9529
11354, 2583 14522 19464
11355, 9529
11356, 20352
11357, 16724 4726
11358, 4339 9529 16852
11359, 4339
11360, 7374
11361, 12193
11362, 9529 22320 2089
11363, 2583 1274 2247
11365, 19519
11366, 9529
11367, 1931
11368, 4339 20352
11369, 4339 19159
11370, 2583 20550 1976
11371, 2583 15397 9329 14460 7903 4889
11372, 4339 6107
11373, 22808
11375, 2583
11376, 2583 15373 17131 12193 14487 1337
11377, 12193
11379, 12901
11380, 2583
11381, 2583
11383, 19159
11384, 2583 13416
11385, 5742 9529
11386, 2583 20550 1976
11387, 21361
11388, 2583
11389, 14579 2191 8070 9529
11390, 13261 2089
11391, 12193
11392, 8070 16724
11393, 10912
11394, 16724
11395, 22040 19540 18133 3701 22096
11396, 2583
11397, 2583
11399, 2583
11400, 20690 14362
11401, 13861
11402, 2583 19282
11403, 2583 4339 9329 6155 14460 14487 7903 2575 19282
11404, 6107 6870
11405, 2583
11406, 4302
11407, 12193
11408, 14483
11409, 4687
11410, 2583 5185
11411, 9529 23024 6107
11412, 9529 16724 12193
11413, 2557
11414, 10375 8933 2583 4339 9529 9329 20352 15068 7903 15949
11415, 17267 8070 22141 12193 6870
11416, 10375 2583 4339 9529
11417, 2583 5387 19503 17717 7903 1609
11418, 20760
11419, 13642
11420, 17131
11422, 9529
11423, 12193
11424, 6843 2583 9529
11425, 2583 9529 20760
11426, 4687
11429, 9529 15068 14487
11430, 2583 9529
11431, 20760
11432, 2583 11314
11433, 4339 8070 13969
11434, 11062 9529 8723 5185
11435, 19159 6454
11436, 9529 12193
11438, 8070 9529 12193 20760
11440, 12193 7374
11441, 16724
11443, 2583 9529
11444, 6525
11445, 9529
11446, 2583 9529 13969
11447, 2583
11448, 2583 15034 12124
11449, 22040
11451, 8070 5742 9529 8639 22096
11453, 22040 4339 9712 18938 15782
11455, 16724 4726
11456, 20473
11458, 2286
11459, 9529
11460, 23199
11461, 2377
11462, 2583
11464, 15034 12124
11465, 10375 4079 4339 9529 20671
11466, 9529
11467, 22141 7075 16724 4726 1898 7374 8892 13860 11383 5188
11468, 9529
11469, 8070 9529
11470, 8070 6577 9529 19046 16852 10953 12193 2921
11471, 8070 13969
11472, 8070
11474, 2583 1337
11475, 14652 5010 7517
11476, 23199
11477, 8933 19159 8070 9529 17328 12901 12193 22742 17717 14487 20436
11478, 2077
11480, 8070
11481, 10375 2583 8070 9529 22690 22742
11483, 3533
11484, 16724
11485, 8070
11486, 10375 4339 9529
11487, 20572 23388 6107 19282
11488, 6843
11490, 19053
11491, 3537 8723 22690
11492, 2583 19503 17418 15667
11493, 8070
11494, 2077
11495, 6843 1468 1790 21442 4765 22750 10601
11496, 2583 8070 9529
11498, 16724
11499, 16852
11500, 2583
11501, 2583
11502, 12901
11503, 10375 17418 20352
11505, 2583
11506, 4339 8070 13969
11507, 2583 23024 4302
11508, 9529
11509, 8070 8723
11510, 14762
11511, 12668
11512, 21626 14309
11513, 3040 13188 22040 11062 15561 13600 8867 18319 20140 8675 23450 8851 10790 18001 18390 3076 9090 8072
11514, 2583
11515, 16724 7374 13390
11516, 8070 10790
11517, 22040 9529 13969
11520, 2583
11521, 7452
11522, 21626
11523, 3833 4726
11524, 22040 2583 4339 8070 9529 8723 12901 12193 15034 12954
11525, 2583 8070 9529 22769
11526, 14309
11527, 4339 19159 6183 4672 12189
11528, 8070 12193
11529, 14299
11530, 7555
11531, 4339 13861 18744 19612
11532, 2583
11533, 2583 7903
11534, 9529
11535, 12124
11536, 4339 6183 22690
11537, 4427
11539, 21626
11540, 12223 12707 13035 8918
11541, 10375 2583 4339 8070 9529
11542, 2583 7903
11543, 10375 6722 20550 8070
11544, 4339 11352 4672
11545, 2583
11546, 8070 9529 16724 7374
11547, 2583
11548, 16200
11549, 10375 3427
11550, 2583
11551, 14309
11553, 2583 6155
11554, 17744
11555, 2583
11556, 2583 22690 16724
11557, 2583 9529 3107 18925
11559, 8315
11561, 9529
11562, 2583 8070 9529
11563, 2583 9529 17717 7903 1609
11564, 7374 23417
11565, 19503 15461
11566, 4848 19159 6183 20352 12189 13642 13969
11568, 2583 23024
11570, 4339
11571, 8070 8723 14925 12193
11572, 8340
11573, 19159 3350
11575, 16342
11576, 9529 21202
11577, 2583 9987
11578, 12901
11579, 2583
11581, 23141 17549 6306
11582, 8070
11583, 4339 9529 9422
11584, 13951 1230
11585, 2583 4339 9529 4672
11586, 2583 9329 20352
11587, 2583
11588, 2583 9529 5185
11589, 2583 8070 14158
11590, 7400
11591, 20699
11592, 1967
11593, 19159
11594, 12193
11595, 4339 19159 16724 23199 21029 5001
11596, 8070 9529 22690 10961 12242 13969
11597, 9529 14672
11598, 11400
11599, 14672
11600, 1599 10790
11601, 2583
11602, 14652
11603, 1599
11604, 2583
11605, 4339 22690 9422
11606, 8315 18744
11607, 14652
11608, 2583
11609, 8070
11610, 16724 7374 6405
11611, 2583 9529
11612, 2583 12193
11613, 9529 10168 22690 4726 7374
11614, 19403 10355 4131 6870 7234
11615, 9529 3083
11616, 8070 9529
11617, 11352
11618, 7585
11619, 16724
11620, 2583 17418 8716 14487 1337
11621, 8070 6107 13969
11622, 20760
11623, 2583
11624, 10375 16724
11625, 16724
11627, 7585 12193
11628, 16724 7374
11629, 2583
11630, 22141 14652
11631, 14309
11632, 18079 16724
11633, 9529
11634, 9529
11635, 16724
11636, 16724 7374
11637, 3040
11638, 11400
11639, 16724 7374
11640, 14652
11641, 16724 7374
11642, 8070 5185
11643, 9529
11644, 16724 7374
11645, 8723
11646, 6843 2583 9529
11647, 21626
11648, 8070 9529 16724 7374
11649, 16724
11650, 4848 9987
11651, 16724 7374
11652, 8070 6107 16724
11653, 22040 4339 12223 8070 5742 9529 22141 9566
11654, 10375 4339 17643
11655, 2583
11656, 21365 3151
11657, 15313
11658, 6107 16724 7374
11659, 8933 2583 18655 11394 13969
11660, 21626
11661, 16724
11662, 22040 9529 4828 22875
11663, 8070 9529 16724 7374
11664, 9529 16724 7374 7903
11665, 9529
11666, 16724 7374
11667, 16724
11668, 8070 16724
11669, 15782
11670, 10375 11352
11671, 2583
11672, 16724 7374 12711
11673, 4651 13119 22881 19231 20485
11674, 15397
11676, 6107 16724 7374
11677, 2583 12124
11678, 9529 16724
11679, 11207 6155
11680, 16724
11681, 2583 5185
11682, 16724
11683, 10375 6843 19159 9529 15034 14487
11684, 2583 11988
11686, 8070 9529
11687, 9742
11688, 4339
11689, 16724
11690, 16724 7374
11691, 9529 12912 8740
11692, 2947 19305 22621
11693, 16724
11696, 2583 8070 20473
11697, 8070 16724 7374
11698, 9529
11700, 16724 7374 12711
11701, 1599 17315
11702, 10375 2583 4339 9529 12193
11703, 16724 7374
11704, 2583 9742 19503 14158
11705, 16724
11706, 16724
11707, 16724
11708, 4339
11709, 19503 15034 12124
11710, 10375 3040 2583 8070 9529 10382 9329 13630 12193 20760 3552
11711, 19159 15397
11712, 9529
11713, 10375
11714, 7525
11715, 18319 1599
11716, 6762
11717, 16724 7374 12711
11718, 16724 7374
11719, 16724 7374
11720, 13969
11721, 16724
11722, 16724 7374
11723, 8070 9529 16724 7374
11724, 4339 19159
11726, 4339 6183 13861
11727, 8070 1931
11728, 4339 8070
11729, 16724
11730, 9529 8867
11731, 10375 2583 9329
11732, 8070 21626 14309
11733, 16724 7374
11734, 14158 13969
11735, 6107 16724 7374
11736, 5387 19503 16724 14487
11737, 6107 16724 7374
11738, 16724 11383
11739, 6107 16724
11742, 7374
11743, 9529
11744, 2583
11745, 8070 13861 12994 6454 13969
11746, 16724 7374
11747, 15068 22750 11225 19695
11748, 16724 7374
11749, 16724 7374
11750, 6454
11751, 16724
11752, 16724 7374
11753, 3828 8070 8723 5185
11754, 2077
11755, 2583
11756, 8315
11757, 7585
11758, 19540 1976 9258
11760, 2583 6155
11761, 16724 7374
11762, 4339 8070 9529 12367 15302
11763, 2583
11764, 9529 16724 7374
11765, 16724 7374
11766, 14487 1931
11767, 19503
11768, 9529
11769, 19375 16724 7374
11770, 22040 8070 10324
11771, 2583 14487 7903 4889
11772, 2583
11773, 16724
11774, 9529 12856
11775, 22040 19403 2517 20473
11776, 16724 7374
11777, 2583 6572
11778, 22040 5613 4726 12711
11779, 15068 22750 11225 19695 11386
11780, 8070 9529 16724 7374
11781, 2583 9319
11782, 2583 19540 6107
11783, 8070 9529 16724 7374
11785, 16724
11787, 19375 16724 7374
11788, 6722 2583 9529 10551 18744
11789, 16724
11790, 8070 16724 7374
11791, 16724 7374
11792, 16724
11793, 16724
11794, 2583 12193
11795, 16724 7374
11796, 16724 7374
11797, 16408
11798, 16724 7374
11800, 2583 4339 20550 1976
11801, 22040 2583
11802, 2583 9529 10168 6107
11804, 2583 4302
11805, 2583
11806, 16724
11807, 10375 3828 8070 19182 16462 12901
11808, 2583 20550 7903
11809, 16724 7374
11810, 8070 9529 16724 7374
11811, 16724 7374
11813, 16724 7374
11814, 15068 13512
11815, 16724 7374
11816, 16724
11817, 2583 1223 6155 7903
11819, 2583
11820, 22896 6737
11821, 16724
11822, 22040 8070 13969
11823, 2583
11824, 22040 4339 8340 4673 9258 13557 2580
11825, 16724 7374
11826, 16724
11827, 16724 7374
11828, 16724
11829, 4339 8070 9529
11830, 14579 21441 12901 21202
11831, 16724 7374
11832, 16724
11833, 6843 8723
11834, 5487
11835, 14652
11837, 2583 6107 16724
11838, 4339
11840, 8070 9529
11841, 6107 16724
11842, 16724 7374
11843, 9529
11844, 16724 12711
11845, 8070 9529 16724 7374
11846, 16724 7374
11847, 16724
11848, 8867
11849, 8070
11850, 14652
11851, 2583 6107 12193
11852, 6107 16724
11853, 10375 20352
11854, 4339 1264
11855, 2583 9529 10168
11856, 6107 16724 7374
11857, 16724 7374
11858, 16724 7374
11859, 2583 4302 7903
11860, 2583
11861, 16724
11862, 22040
11863, 16724
11865, 16724
11866, 10375 2583 20352
11867, 16724
11868, 3051
11869, 16724
11870, 16724 7374
11871, 11878
11872, 2583 1976 17717 17474
11873, 16724 7374
11874, 2583
11875, 8675
11876, 2583
11877, 5487
11878, 16724
11879, 16724 12711
11880, 6107 14309
11881, 16724 7374
11882, 16724
11883, 20633
11884, 2583 12193
11885, 16724 7374
11886, 6107 16724 7374
11887, 16724 7374
11888, 2583 4889 6538
11889, 19375
11890, 16724 7374
11891, 9529 19523
11892, 16724 7374
11893, 16724 7374
11894, 14309
11895, 9529 16724 7374
11896, 8070 16724 7374
11897, 1790
11898, 12193
11899, 20760
11900, 16724
11901, 16724
11902, 8070 16724
11903, 9529 13381
11904, 19159 6183 9529 13969
11905, 16724 7374
11906, 16724
11907, 14309
11908, 16724
11909, 16724 7374
11910, 9529
11911, 4339 15782 1791
11912, 2583
11913, 13381
11914, 2583
11915, 16724
11916, 16724 7374
11917, 16724
11918, 16724 7374
11919, 22814 21618
11920, 19159
11921, 6107 16724 7374
11922, 12193
11923, 8070 16724 7374
11924, 2583 1976 17947 17717
11925, 16724
11926, 8070 9529
11927, 2583 20760
11928, 17212 4532
11929, 16724 7374
11930, 6107 16724
11931, 8070 9529 16724 7374 12711
11932, 22814 21618
11933, 3828 20550 15132 3457 19033 5185
11934, 16724
11935, 16724
11936, 8070 16724
11937, 10375 4339 9529 8723 9645 12193 6870 20760 13969
11938, 16724
11939, 8070 6107 16724
11940, 13001
11941, 8070 9529 16724 7374
11942, 13861 12711
11943, 19403 16724
11944, 9529
11945, 16724
11947, 2583 8070
11948, 19375 16724
11949, 16724
11950, 9186
11951, 8070 9529 16724 7374
11952, 12912
11953, 8070 9529 16724 7374
11954, 14652
11955, 19503 16724 21106
11956, 4339 19159
11957, 4672
11958, 16724
11959, 5789
11960, 16724 7374
11961, 8070 9529 16724 7374
11962, 5839
11963, 20572 6107
11964, 2583 4779
11965, 16724
11966, 9529
11967, 16724 7374 17315
11968, 2583 9529 22141 16724 7374 15995
11969, 16724 7374
11970, 5789 16724
11971, 16724
11972, 16724
11973, 2583 19503
11974, 2583 4779
11975, 16724 7374
11976, 8070 9529 8723
11977, 17418
11978, 8070 9529 16724 7374
11979, 16724
11980, 16724 7374
11981, 21464
11982, 9529 16724 7374
11983, 12124
11984, 4339 10324
11985, 12193
11986, 3828 8070 9529 9186 21848
11987, 15397
11988, 19375 16724
11989, 16724 7374
11990, 16462 12242
11991, 10375 22040 2583 4339 19159 8340 8070 19503 2028 8217 8723 13861 15383 19523 20671 12901 12189 12193 4103 12117 17717 10324 20760
11992, 16724
11993, 12124
11994, 14652
11995, 12193
11996, 8867
11997, 2583 9742 1976 18696
11998, 2583
11999, 11328 15132 21068
12000, 8070
12001, 2583 9529
12002, 19403 16724
12003, 4339 19159 6107
12005, 15810 16724 2783
12006, 2191 3823 8723 15383
12007, 19159
12008, 9529
12009, 8070 9529 8723 15383 20352
12010, 4339 9529 13630 19757 7122
12011, 10375 22040 2583 4339 19159 11352 8070 7308 19503 17418 7206 20352 8867 12901 15667 15721 8315
12012, 19318 15642
12013, 13951
12014, 5293 12901
12015, 3828 2583 20550 10382 23024 6107 16462 4302 6155 1337 7903
12016, 3828 4339 8070 16462 12901
12017, 23257
12018, 8723
12019, 4339 19159 6424 14100
12021, 23199
12022, 2583
12023, 6843 8723 1790 21442
12024, 20699
12025, 15996
12026, 2077
12028, 2583 20352
12029, 2583
12030, 15782
12031, 2583 22896
12032, 4339 16462 13969
12033, 3047
12034, 22040 20550 7308 22781 16462
12035, 8070
12036, 19375 13035
12038, 22826
12039, 2583 1976
12040, 4589
12041, 7712
12042, 7374
12043, 2583
12044, 3219
12045, 2077
12048, 1423
12049, 8340
12050, 4079 2583 20671 12073 10025
12051, 7712
12052, 2583
12054, 20550 8070 9529 7308 8723 9186 22781 6107 3977 16462 10961
12055, 17418 20352
12057, 12383
12058, 2583 4339
12059, 4339 6183 8070 9529 3056
12060, 13969
12061, 2583 6107 16462 12193
12062, 6870
12064, 2583
12065, 9529 23024
12066, 1976
12067, 2544
12068, 8340 9258 12901
12070, 7694
12071, 10375 2583 8070 7520
12072, 8070
12073, 4339 9529
12074, 13085
12075, 16724 7374
12076, 2583 9529
12077, 8070 9529
12078, 2583 2089
12079, 13038
12080, 2583 9529
12081, 20760 3552
12082, 2583 8070 16525 13969
12083, 19540 20473
12084, 4339
12085, 22040 9529 9667 13969
12086, 21373 12856
12088, 17762 16408
12089, 9529
12090, 23024
12091, 16724 7374
12092, 4955
12093, 22040 6107
12094, 2583 4339
12095, 2583 7903
12096, 22040 19159 20550 8070 22781 16462 14743 13414 6424 10324 17454 18775
12097, 19159
12098, 2583 8070 7903 13969
12099, 19159 10324 20473
12100, 22040
12101, 8933 2583 19503 15034 1646
12102, 4339 12223 8070 8217
12103, 20812
12104, 14702
12105, 16724 7374
12106, 2583 14378 7903
12107, 2583 9529
12109, 9529 8740
12110, 2583
12111, 4955
12112, 6870 13035
12114, 21785
12115, 15034
12116, 13861
12117, 19375
12118, 3922
12119, 8070
12120, 2583 9529
12121, 16724 7374
12122, 2583 12193
12123, 8340
12124, 12825
12125, 6107 6117
12126, 2583
12127, 4339
12128, 2583 20760
12129, 2583
12130, 22040
12131, 10168 16687
12132, 9529 20352 12901
12133, 9742
12134, 2583 9529
12136, 16724 7374
12137, 2583
12138, 2583
12139, 9529 2089
12140, 4848 22040 19159 7474
12141, 10168 12901
12142, 2583 2723 13845 16462 14743 7903
12143, 8070
12144, 13170
12145, 2583 8070 9529 17643 20473
12146, 9327 23110 16838 10276
12147, 4339 19159 10324 3056
12149, 12193
12151, 16724 7374
12152, 8867
12153, 2583 5673 1976 22826
12154, 6107
12156, 4339
12157, 4339 13969
12158, 2583
12159, 2583 12193
12160, 9529 1335
12161, 2583
12162, 20473
12163, 10375 4079 19159 9529 9186 13861 16852 16462 12193 20760 23553 18775
12164, 4339 8070 9529 9186 10953 12193 16253 20760 3552
12166, 12516
12167, 16724 7374
12168, 2583 9529
12169, 9529
12170, 13035 15642
12171, 10375 4339 6243 12223 8070 10382 1132
12172, 8070
12173, 7308
12174, 8070 16462
12175, 2583 12193
12176, 21446
12177, 6107 16781
12178, 16724
12179, 20352
12180, 2583 20760
12181, 1997
12182, 2583
12183, 16724 7374
12184, 2583 4339
12185, 4339 19612 8217 13861 22040
12186, 9529
12187, 19159
12188, 2583 8070 13969
12189, 10375 8070 8867
12190, 9529
12191, 2583 8070
12193, 9529 22690
12194, 6843 8933 9742 19033
12195, 2583 6107
12197, 20352
12198, 4672
12199, 16724 7374
12200, 4339 19159 13861
12201, 6107 12901 21365
12202, 16666
12203, 2583 9529
12204, 2583 2028
12205, 2583
12206, 2171
12207, 22690 13585 12193 10318
12208, 2583 15068
12210, 19159
12211, 4339 8070 9529 10953 18938 15782
12212, 10375 8070 9529 8217 3833 12193 20760
12213, 7736
12214, 16724 7374
12215, 8867
12216, 18477
12217, 2583
12218, 17418 21365 14201
12219, 2583 10168 16462 13969
12220, 16852
12221, 20760
12222, 9529
12223, 2583 9529
12224, 5742 9529 20760
12226, 4672 12912 3137 9010 16600
12227, 16724
12229, 18477
12230, 8340
12231, 9529
12233, 2583
12234, 2583 20550 19503
12235, 19159 4339
12236, 9529
12237, 3833
12238, 2583
12239, 2583 4339 20550 1976 16462 17717
12240, 9529 9987
12241, 16724 7374
12243, 4339 20550
12244, 2583 9529
12245, 2583 4339
12246, 4339
12248, 21446
12249, 2583 9329 7903
12250, 4339
12251, 9258
12252, 3040 9987
12253, 2583
12254, 16724
12256, 3219
12257, 19159
12258, 4339 9529 8217 13261
12259, 8676 3823
12260, 10375 2583
12261, 10375 4079 4339 19159 9529 19250 8217 9186 20671 16852 12193 2921 15060 6117 17038 3552 23611
12262, 11645 16724
12263, 10375 10249 18518 8070 12516 9529 7206 15383 9667 13630 16852 6875 12901 22352 12383 21373
12264, 7308
12265, 9529 10318
12266, 10375 9987
12267, 9258
12268, 16724 7374
12271, 3046
12272, 6107 7374
12273, 8070
12275, 14023
12276, 11645 16724
12277, 2583
12278, 16724 14999 12193
12279, 9987
12280, 2583 8070 9529
12281, 16724
12282, 2583
12283, 10375 2583 20550 8070
12284, 2583 14460 7903
12285, 5742 16724
12287, 2583
12288, 19159
12289, 22040 4339 8070 20812 20473
12290, 8723
12291, 4131 17383
12292, 9529
12293, 1997
12294, 16724 7374
12295, 2583
12296, 19159
12298, 16724 7374
12299, 10355 8070 9529 8723 4131 6870
12300, 2583
12301, 16724 15068
12302, 20550 21848 9667 16462 20473 13969
12303, 20760 3552
12304, 2583 17418
12305, 15302
12306, 4339 16462 21365
12308, 9529
12309, 9529
12310, 10375 13969
12311, 9529 12559 6107
12312, 10375 4339 6183 12912 13678 22690 12901
12313, 6183
12314, 19403
12315, 2583 5742 9529 21214
12316, 15302
12317, 19403 8851
12318, 16724 7374
12319, 2583 12223 10168 4302 6155
12320, 16724 7374
12321, 9529 8740
12322, 2583 9529
12323, 4339 19159
12324, 2583 9529
12325, 5293
12326, 15034
12327, 15302
12328, 10375 10568 9529 14413 15516 21848 9667
12329, 9529
12330, 2583
12331, 16724 7374
12332, 19403 10790
12333, 2583 21464
12334, 2583 15397 7903 13969
12335, 8070
12336, 2583 9529
12337, 19159
12338, 8070
12339, 7525 20760
12340, 2583 6346
12341, 2583 4339 8217
12342, 16724 7374
12343, 2583
12344, 19375
12346, 4339 8070 9529 17418 22690
12347, 4339
12349, 9529
12350, 8070
12351, 13038
12352, 10204
12353, 2583
12354, 16724
12355, 19375
12356, 2583 4339 9529 20352 7903 13969
12357, 8716
12358, 11719 12901 18891 8169
12359, 20760
12360, 15782
12361, 4079 2191 3823 12901
12362, 7374
12363, 16724 7374
12364, 2583
12365, 16724 7374
12366, 2583 15428
12367, 9529 20473
12369, 18441
12371, 7374
12372, 22040 6107 21365
12373, 16724 7374
12374, 16724 10569 2077
12375, 13861
12376, 16724 7374
12377, 2583 8070
12378, 1823
12379, 16724 7374
12380, 9529 8716
12384, 2583 18965 18341
12385, 9529 21693 19640
12386, 22040
12387, 6107
12388, 16724 4726 7374
12389, 6107 8716
12390, 12223
12391, 2583 8070 13969
12392, 1823
12393, 2583 8070
12394, 17418
12395, 19159 9529 8723 4131 12193 6870 13969 2089
12396, 19159 16724
12397, 2583
12398, 9529 17418
12399, 9529 23199
12400, 8716
12401, 2583
12402, 1823
12403, 9529 16724 7374
12404, 7308
12405, 17840
12406, 2583
12407, 16724 13038
12408, 16724
12410, 8716
12411, 17267 6107
12412, 16724
12413, 10271
12414, 10375 3083
12415, 6107
12416, 2583
12417, 8716
12418, 16724
12419, 13038
12420, 4339 19159
12421, 2583 2028
12422, 2583 13845 23024 15068 6838
12423, 2583
12424, 10375 20550 16462 12901 20473
12425, 8716
12426, 2583
12427, 3828 8340
12428, 10039 16724
12429, 10168 22814
12430, 2583
12431, 2583 4339 20550 13845 12193 7374 17717 14487 7903
12432, 12559
12433, 16724
12434, 9529
12435, 7525
12436, 20572 9529 6107
12437, 4339
12438, 1223 16724 7374 11383
12439, 12559
12440, 4339 19159 8070 22690
12441, 2583
12442, 6107 16724
12444, 2583
12445, 10375 4339 8070 5742 9529 19503
12446, 2583
12447, 2583
12449, 2583 8070
12450, 10355 6107 16724
12451, 3040 2583 12223 5742 2987 19518
12452, 2583
12453, 2077
12454, 8933 2583 3083
12455, 2583 22733
12457, 16724 7374
12458, 4848 6183
12459, 2583
12461, 13188 19403
12462, 2583 9329 13845 22781 21365
12463, 2583 11062
12464, 9529
12466, 16724
12467, 2583
12468, 2583
12469, 9529
12470, 10375 22040 4339 12912 18504
12471, 3040 22040 3828 16462
12473, 19375
12474, 2583
12475, 6155
12476, 2583 4339
12477, 20352 8716 15802 1337
12478, 2583
12479, 19375
12480, 10375 2583 20550 9329 21003
12481, 8340
12483, 2583 21464
12484, 2583 9529
12485, 4339 22690 9422
12486, 13188 2583
12487, 2583 9529 12193
12488, 8340
12489, 2583 7903
12490, 2583
12491, 2583 15107
12492, 2583
12493, 2583
12494, 6107 16724
12495, 2583 8070 9529
12496, 1976
12497, 10375 2583 4339 8070 9329 20352
12498, 2583 2028
12499, 2583 21464
12500, 15107
12501, 2583 19518
12502, 2583 8070 9529 12193
12503, 7736
12504, 8070
12505, 8716
12506, 4989
12507, 19375
12508, 19403 15068
12509, 12223 5742 9529 2987
12510, 15107
12511, 18980 9529
12512, 9258 8867 13038 20473
12513, 8070
12514, 3040 8867 19518
12515, 9529 12912
12516, 9529 20352 12901
12517, 9742 3704
12518, 19403 8723
12519, 2583
12520, 10375 22040 2583 4339 19159 9529 3935
12521, 2583 12223 8070 5742 23024 21214
12522, 4339 8070 9529
12523, 19375
12524, 2583
12525, 9529
12526, 10375 2583 4339 9529
12527, 8867 20473
12528, 12901
12529, 8070 5742 9529
12530, 8867 19518
12531, 19375
12532, 2583 8070 9529 19503 12193
12533, 13188 3704
12534, 2583
12535, 16462
12536, 2583 23024
12537, 3040 8070 9529
12538, 19375 21783
12539, 22040
12540, 4339
12541, 17420 8716 1337
12542, 4339
12543, 8723 12193
12544, 14909 4339 19159
12545, 10375
12546, 10375 2583 8070 22690
12547, 22040 2583 15397 4672 6107 17046
12548, 9529 1931
12549, 2583
12550, 10375 2583 4339 8070 9529 11969 8723 5637 9645 1132 13630 12193
12551, 10324
12552, 22040 19540
12553, 20352
12554, 19375
12555, 2583
12556, 8070 9529 7206 12193
12557, 2583
12558, 2583 1337
12559, 3040 8070 9529 22690
12561, 2583 13673
12562, 2583 9529
12563, 6424
12564, 6107 16666
12565, 2583 23024
12566, 8723
12567, 22040 3828 2583 20550 23388 2580 16462
12568, 21518 19540 14034 18504 12711
12569, 19540 8867
12570, 19375 6107
12571, 2583
12572, 8933 2583 9529 9329 19503 2577 23024 12193
12573, 2583 8070
12574, 9529
12575, 6843 7308
12576, 12193
12577, 19159 6183 3083
12578, 2583 11988
12579, 2583
12580, 2583
12581, 10324
12582, 16666
12583, 8867
12584, 22040 9529
12585, 9529
12586, 10375 22040 4339 9529
12587, 7736
12588, 10375 2583 4339 9529
12589, 19375 6044
12590, 9258
12591, 4339 19159
12592, 20699
12593, 2583 19403 22591
12594, 2583
12595, 2191 14673 3823 15314
12596, 5387 8716
12597, 8867
12598, 10375 2583 4339 9529 19503 2028 20352 12193
12599, 19375
12600, 5258 2987 18687
12601, 9529
12602, 2583
12603, 19375 5789
12604, 2583 9830
12605, 9529 20699
12606, 2583 3083 11988
12607, 2583
12608, 8070
12609, 2583 9529
12610, 8716
12611, 10375 4339 10467 9529 19503 2028 20352 12193
12612, 9529 8867
12613, 19375
12614, 6843
12615, 2583
12616, 19375
12617, 10375 4339 8070 9529 13630
12618, 9529
12619, 8070 5613 16462
12620, 20699
12621, 9529 4129
12622, 2583
12623, 22040
12624, 9529
12625, 10375 4339 9529 19503 2028 23024 20352 12193
12626, 8070 9529 16724
12627, 19375
12628, 13261
12629, 14579 8070
12630, 19375
12631, 20699
12632, 10375 2583 17420 8070 9529 5637 9645 13630
12633, 2583
12634, 6428 12901 15068
12635, 7374
12636, 2583 16462 19282
12637, 22742
12638, 9529
12639, 22040 8070
12640, 6843 2583 5387 2028
12641, 12901
12642, 13261
12643, 2583 4339
12644, 4339
12645, 20699 15068 18696
12646, 19375
12647, 9529 16724 7374
12648, 2583 8070
12649, 22040 4339 19159 6183
12650, 16724 7374
12651, 4129 22096
12652, 12338 10168
12653, 2583 8070
12654, 4339 19159
12655, 19159
12656, 20699 15068
12657, 3828 2583 16462
12658, 22591 16724 7374
12659, 19375
12660, 2583 9529 12193
12661, 17418 20352
12662, 16724
12663, 10375 4339 9529 20352
12664, 16724 7374
12665, 2583 6155
12666, 2583
12668, 20699
12669, 2583 22591 23024
12670, 10824
12671, 13047
12672, 2583
12673, 16724
12674, 16724 7374
12675, 2583
12676, 9529
12677, 22040
12678, 22040
12679, 2583 20699
12680, 2583 12901 4302
12681, 10824
12682, 22040
12684, 16724 7374
12685, 12193 1337
12686, 9529 16724
12687, 2583 12193
12688, 8070 9529 20671 17479
12689, 2583
12690, 20699
12691, 19159
12692, 2583 8070 9529
12693, 12193
12695, 22141 18212 16462
12696, 9529 16724
12697, 16724 7374
12698, 10307
12700, 2583 4339 20550 1976
12701, 19159 6183 8070 9529 10324
12702, 3828
12703, 2583
12704, 18460
12705, 22040
12707, 16724
12708, 5891 19110
12709, 7493
12710, 16724 7374
12711, 8716 9281
12712, 22040
12714, 7374
12715, 4339 6107
12716, 2583
12717, 2583
12718, 10375 4339 12901
12719, 4339 16462
12720, 4339
12721, 21464
12722, 16724
12723, 9529 12901
12724, 22040
12725, 2583 9529
12726, 2583
12727, 10375 4339 8070 9529 19503 9645 12193 14158
12728, 2583
12729, 7374
12730, 4339 8070
12731, 2583
12732, 6107 12901
12733, 9529
12734, 16724 7374
12735, 12223 8070 5742
12736, 2583 10467
12737, 8070 9529 22690
12738, 8070 15034
12739, 16724
12740, 2583 1223
12741, 19375
12742, 12901
12743, 2583 3083
12744, 16724 7374
12745, 10375
12746, 2583 9742
12747, 23422 12487
12748, 2583
12749, 11464
12750, 9529 13630
12751, 7374
12752, 4339
12753, 16724
12754, 2583
12755, 4079
12756, 8070 3843
12757, 20566 23422
12758, 2583
12759, 2583
12760, 12193
12761, 16724 7374
12762, 17420 10619
12763, 16724 7374
12764, 19375
12765, 2583 12193
12767, 4339 19159 18892
12768, 2583 8070 9529
12769, 12193
12770, 22181 16724 4726 12711
12771, 2583
12772, 19503
12773, 16724 7374
12774, 16724
12775, 2583 4339 9529 9186
12776, 2583 4339
12778, 19159 10324
12779, 2583 12477
12780, 6722 2583 9529
12781, 16724 7374
12782, 15810 9529 13630 19757 23590 12711
12783, 16724
12784, 2583 1516
12785, 19403 16724
12787, 6722 7308
12788, 2583 3083 17046 15068 6155
12790, 2583
12791, 9529
12792, 10375
12793, 8070
12794, 10375 6243 8070 10382 1132
12795, 12193 7374
12796, 2583 21464
12797, 16724
12798, 10355
12799, 9742 9529
12800, 22141 11394
12802, 9529
12803, 2583 8070 9529 15996 12193
12804, 12193
12805, 2583
12806, 10375
12807, 2583
12808, 2583
12810, 2583 1223 3075 9329
12811, 16948
12812, 19159
12813, 19403 19375
12814, 19403 11394
12815, 2583
12816, 6107
12817, 9529
12818, 2583
12819, 22040
12820, 2583 12193
12821, 4339
12822, 9529
12823, 9529 20566 11394
12824, 19375 17167
12825, 4339
12826, 22040
12827, 9529
12828, 2583
12829, 2583
12830, 8933 2583
12831, 19375
12832, 17418 21202
12833, 10375 8070 9529
12834, 4339 19159 17420 8070 6424
12835, 10375 10382
12836, 7048 12223 8070 9529 7206 22690 13585
12837, 12223
12838, 19375
12839, 10375 4079 4339 12223 20550 8070 5742 16912 9529 10382 9645 16462
12840, 8070 9529 1976 16462
12841, 22040
12842, 9085 7525 9529
12843, 2583 23024
12845, 22040 2583 4339 23024
12846, 16724
12847, 5220 19375
12848, 2583 8070
12849, 2583 8723
12851, 2583 15397 20550 4672 8723 6107 16462
12852, 9529
12853, 2583
12854, 9529 13630
12855, 16724
12856, 2583
12857, 19375
12860, 4339
12861, 9529 22690 9667
12862, 9529 20352 12901
12863, 16724
12864, 22040 19403
12865, 19375 8723
12866, 3083 11703
12867, 19159
12868, 7525
12869, 19375
12870, 20572 10355 16724
12871, 2583
12872, 2583 9529 13585
12873, 19375
12874, 2583 4339
12875, 9529 12242 13969
12876, 19375
12877, 16724
12878, 8070 9529 16724
12879, 9529
12880, 10375 4079 4339 19159 8070 9529 8723 10787 12023
12881, 19375
12882, 2583 9529
12883, 2583
12884, 8933 2583 4339
12885, 9529 16724
12886, 2583
12887, 4339 19159
12888, 2583
12889, 19375
12890, 23024
12891, 4079
12892, 2583
12893, 9529
12894, 8070 6107
12896, 2583
12897, 19375 2403
12898, 9529 22480 11913
12899, 10375 3040 9085 19159 9529 23644 8723 5637 9645 4131 13861 1509 12193
12900, 4339 8070 9529 1509 6107
12901, 2583 9529 19503
12902, 1823
12903, 8933 2583 5387 19503 5293 5066 14925
12904, 19375
12905, 15068
12906, 2583 12901
12907, 9529 16724
12908, 17717
12909, 9529
12910, 2583
12911, 16724
12912, 2583 9329 10168 6107
12913, 3040
12914, 2583 22690
12915, 2583
12916, 19375 8524
12917, 19375
12918, 2583 4339 8070
12919, 4079 8070 9529 22690
12920, 18319
12921, 10375
12922, 4339 19159 1898
12923, 9529 16724
12924, 16724
12925, 2583 5387 9529 20352
12926, 22826
12927, 9529
12928, 19375
12929, 22040 9529 3083
12931, 6722 9085 19375
12932, 19375
12933, 2583 8070 9529 13845
12934, 2583 9529
12935, 19159 9529 1509 13630
12937, 16724
12938, 9529 22690 8740
12939, 9529 16724
12940, 4339 21003
12941, 18965
12942, 2583 13861
12943, 2583
12944, 10375 2583 4339 9529 13845 12193
12945, 11464
12946, 19375
12947, 10375 2583 4339 9529 10382 8217 1509 13630
12948, 19375 16462
12950, 8340
12951, 16724
12952, 2583
12953, 9529
12954, 9529 16724
12955, 18324 6107
12956, 2583 9529 10204
12957, 10375 2583 20550 11352 9329 22781 20352 3083
12958, 2583 8070
12959, 8723
12960, 2583
12961, 19159 6183
12962, 19375 6107
12963, 9332
12964, 2583
12965, 16724
12966, 9529
12969, 2583 2191 3823 17418 10787 11679 2002
12970, 17420
12971, 9529 13630
12972, 8070 21707
12973, 10375 9529
12974, 10375 8933 2583 19159 14702 15397 8070 9529 2107 20352 5613
12975, 9529 12912
12976, 18309
12977, 8070 16724
12978, 4339 19159 6107
12979, 19375
12980, 2583 15397 20550 8070 7618
12981, 2583 5387 9529
12982, 19403
12983, 18892
12984, 2583 23024
12985, 3843
12986, 2583
12987, 23640
12988, 2583 19034
12989, 3823
12990, 16724
12991, 8070 16724
12992, 19375 7206
12993, 2583 19403
12994, 2583 8070
12995, 10375 2583
12996, 4339 19159 5742 1898 10324
12997, 2583
12998, 2583 3843
12999, 22040 5742 12901
13000, 2583 12223 9529
13001, 10375 22040 4079 4339 9529 12901
13002, 4079 9529 1509 13630
13003, 16724
13004, 2583
13005, 22040 4339 8070
13006, 19159 6107
13007, 2583 9529 12901
13008, 2583 9830
13009, 19503
13010, 10375 4339 9529 19250 17418 8217 15461 13951 13630 23590
13012, 17418
13013, 12223 9529
13014, 13188 19375
13015, 2583
13016, 9529 6107
13017, 22040 4339
13019, 10375 2583 20550 23024 16462
13020, 2583
13021, 2583 12193
13022, 16462
13023, 2583
13024, 2583 15132
13025, 2583 22742
13026, 9529 13630
13027, 2583 8070 9529 19503
13028, 19375 8070
13029, 9529
13030, 2583
13031, 8070 9529 8723
13032, 2583
13033, 16724
13034, 2583 15561
13035, 2583 9529
13036, 2583
13037, 9529
13038, 2583 9529
13039, 2583 19159 9529 22690 12193
13040, 22040
13041, 19375 6044
13042, 10375
13043, 9529
13044, 16724
13045, 16462
13046, 2583 10467
13047, 2583 20550
13048, 22191
13049, 2583
13050, 22040
13051, 9529
13052, 2583 18655
13053, 2583
13054, 19375
13055, 2583
13056, 22040 7694
13057, 16724
13058, 7694
13059, 5968
13060, 19375 15898
13061, 10375 7308
13062, 2583
13063, 2583 8070 19503 23024
13064, 10375 8070 10382 4131 6107
13065, 8070 9529
13066, 2583 15600
13067, 2583
13069, 16724
13070, 15068
13071, 2583 19159 15397 1898
13072, 4339 19159 6183 6107 6424
13073, 2583 9529
13074, 19375 12487
13075, 9529 6107
13076, 2583
13077, 4339 20352
13078, 10375
13079, 4339
13080, 2583 21604
13081, 2583
13082, 16724
13083, 19375
13084, 10375 2583 10382 23024
13085, 2583 13845 10168 23024
13086, 18892
13087, 15068
13088, 9529
13089, 2583
13090, 2583 4339
13091, 2583
13092, 2583
13093, 12073
13094, 2583 23024 15068
13095, 17418 21441
13096, 16724
13097, 14607
13098, 10375 4339
13099, 2583
13100, 23640
13101, 2583 19282
13102, 2583
13104, 12901
13105, 2583 15397 9329 20352
13106, 10375 2583 4339 9529
13107, 4339
13108, 19159 10324
13109, 2583
13110, 12223 5742 16687
13111, 14999
13112, 10375 22040 2583 4339 19159 12223 20550 8070 5742 16462 21214
13113, 15068
13114, 20671
13115, 9529 17418 6107
13116, 22040 8340
13117, 8694
13118, 2583 9529
13119, 10375 4079 4339 19159 8070 9529
13120, 2583 14702 15397 10467 8070 9529 9329 7308 2028 17418 13845 10168 23024 14743 6155 14460
13121, 2583 19503
13122, 8070 9529 22690
13123, 2583 9529
13124, 9529 6107
13125, 2583
13126, 9529 8740
13127, 10953
13128, 2583
13129, 9529 10168
13130, 9529 22690
13131, 23607
13132, 9529
13133, 2583 10168
13134, 2583 15397 1854
13135, 2583
13136, 17167
13137, 2583
13138, 20572 6107
13140, 10375 2583 4339 15397 8070 19503 2028 11156 20352
13141, 6843
13143, 10375 13861
13144, 2583 9529
13145, 2583 9529 22690
13146, 19375
13147, 10375 4339 9529
13148, 2583
13150, 2191 3823
13151, 10467 23024
13152, 6107
13153, 9529 9186 13630
13154, 9529
13155, 9529
13156, 19375
13157, 2583 3075 23024
13158, 10375 2583 15397 18857
13159, 9529 16724
13160, 10375
13161, 2583
13162, 7694 20352 18892
13163, 17199
13164, 2583
13165, 10375 22040
13166, 2583 14702 13573
13167, 19375
13168, 2583 2028
13169, 9529
13170, 8070
13171, 2583 9529
13172, 2583 6107
13173, 8070
13174, 8070
13175, 6107 16724 7374
13176, 19540 21009
13177, 13796
13178, 10375 22040
13179, 19375 9529
13180, 22040 19159
13181, 16724
13182, 22040
13183, 4339 9529
13184, 2583 16687
13185, 7694
13186, 12189
13187, 10375 22040
13188, 1823
13189, 2583 9529
13190, 19375
13191, 9529 17418 13630
13192, 19159
13193, 16724
13194, 18655
13195, 10375 6722 18518 4339 19159 8070 9529 8217 23644 11969 8723 9645 7206 12023 16462 12901
13196, 2191 14673
13197, 7308
13198, 22040 8070
13199, 22040 2580
13200, 9529 15559 13630
13201, 2583 15146
13202, 19375 20832
13203, 9529
13204, 4848 4079 4339
13205, 15935
13206, 9529
13207, 16724
13209, 2583 9529
13210, 2583 4339 19159 6183
13211, 10375 15068
13212, 12193
13213, 2583 9529
13214, 19375
13215, 1748
13216, 9529
13217, 9529
13218, 14702 10307 16462 21464
13219, 10375 22040 2583 4339 20550 9529 1976 16462
13220, 2583
13221, 8070 9529 9645 13630
13222, 4339
13223, 10307
13224, 2583 4339
13225, 2583 4339 1976
13226, 9529
13227, 16724
13228, 9529
13229, 16724
13230, 9529
13231, 22040 20550 15935
13232, 8070 9529 9645 13630
13233, 2583 9529
13234, 2583 9529
13235, 13188 22040 11062 19403 15561 13600
13236, 2583
13237, 4339 6183 8070 9529 1509 1898
13238, 20352
13239, 21003
13242, 8070 11969 6704 8723 9645 12023
13243, 10375 4079 4339 9529
13244, 2583
13245, 9529
13246, 12223 5742
13247, 2583 4591
13248, 2583 4339 19159 8217
13249, 2583 4339
13250, 8676
13251, 22040 19540 9258
13252, 3828 2583 9830 20572 1743 20550 9529 3823 13845 23024 22781 5613 16462 15068 6838
13253, 2583
13254, 8070
13255, 6722 10355
13256, 22040
13257, 22040 9529 21785
13258, 9529
13259, 19520
13260, 3828 2583 9329 20352
13261, 2583 4339
13262, 10375
13263, 22040
13264, 2583 21518 9529 13845 6107
13265, 9529
13266, 22040 4339 9529
13267, 2583 4339
13269, 2583
13270, 9258
13271, 4339 12901
13272, 2583 4339 19159 20352 6107 16462
13273, 2583
13274, 1976
13275, 9529
13277, 2583
13278, 8070 21897
13279, 2583
13281, 2583 16571
13282, 15461 2403
13283, 2583
13284, 21897
13285, 4339
13286, 4079
13287, 10168 7474
13289, 10375 9529 3083
13290, 2583 23024
13291, 15043
13292, 4079
13293, 2583 23024
13294, 10375 4055
13297, 9529
13298, 2583
13299, 2583 9529
13301, 2583
13302, 2583
13303, 2583
13305, 21518
13306, 16462
13307, 4339 9529
13308, 2583 15397 10467
13309, 2583 9529
13310, 6722 3828 2583 4339 20550
13311, 17418
13313, 2583
13314, 16462
13315, 12901
13316, 2583 19503
13317, 11988
13318, 2583 4131
13319, 2583
13320, 6843 2583
13321, 9529
13322, 2583
13323, 7525 9529
13324, 2583 13845
13325, 19540
13326, 2453
13327, 6107
13328, 9529
13330, 9529 6107 15789
13331, 10375 9529 13630 2181
13332, 6202
13333, 2583 15397
13334, 9529 8740
13335, 22040 4339 19159 8070 8694
13336, 2583
13337, 4339
13338, 7694
13340, 2583 4339
13341, 17420 13796
13342, 22480 1641
13343, 2583
13344, 14575 21003
13345, 8070 16724
13346, 2453
13347, 2583 9529
13348, 8070 9529
13350, 10375 4055
13351, 15397 10307
13352, 6843 2583 8070 8723
13353, 22040 8340 9742 2051 15286
13354, 2583 15397 12223 3144 14034
13355, 2583
13356, 9529 10168 6107
13357, 10375 2583
13358, 9529 16724
13359, 4339 9529 11567
13360, 2583 9529
13361, 2583 15397 13845 6107 1854
13364, 2583
13365, 8340
13366, 2583 4339 9329 20352
13367, 2583 4591
13369, 2583
13370, 16724
13371, 9529
13372, 9529 3989
13374, 2583
13375, 12223 5742 10168 20352
13376, 7206
13377, 10375 2583 19159 15397 12223 20550 9529 12023 16462
13378, 10375 2583
13379, 2583
13380, 2583
13381, 9830
13382, 2583 16687
13383, 2583 9529
13384, 2583
13385, 3828 20550 9529 18834 15383
13386, 4339
13387, 2583 9529
13389, 2583 9529
13391, 2583
13392, 2583
13393, 4339
13394, 5293
13395, 2583
13396, 8915
13397, 10375 6843 2583
13398, 9529
13399, 22040 4339 19540 18644 18504 8227
13400, 2583
13401, 10375 22040 4339 8070
13402, 10375 9529
13403, 4339 19159 22808 20352 6107
13404, 10415
13405, 5293
13406, 2583 15397 9529
13407, 17420 8740
13408, 2583
13410, 2051
13411, 3040 15810
13412, 10375 2583
13413, 19540
13414, 16687
13415, 2583 9529
13416, 2583 21464
13417, 10953
13418, 23024
13419, 10375 2404 5387 9329 13673
13420, 9529
13421, 6722
13422, 2583 10307
13423, 9529
13424, 4079
13425, 17418
13426, 20572 6107 16687
13427, 2583
13428, 10375 2583 4339 17368
13429, 21051
13430, 10953
13431, 9529
13432, 9529
13433, 2583
13435, 2583
13436, 19159
13437, 2583
13438, 10081
13439, 20572 4131
13440, 19403 6577 10168 6107
13441, 10375 2583 8070 9529 9329 23024 6107
13442, 10953
13443, 2583
13444, 19159
13445, 9529
13446, 9529 6655
13447, 21242 15068
13448, 10375 2583 4339 13845 23024 16462
13451, 14053 22690 19091 7232 16553
13452, 19159 7474
13453, 9529 18309
13454, 4339 19159 17420 6107
13456, 19403 17167
13457, 2583
13458, 2583 19982
13460, 2583
13461, 10375 2583 4339
13462, 2583
13463, 9529 6107
13464, 2583
13465, 17418
13466, 22040
13467, 4079
13468, 9529
13469, 9529 10168 6107
13470, 4339
13471, 22040
13472, 2583
13473, 2583
13474, 16687
13476, 2583
13477, 22040 4339 19159 6183 8070 7474
13478, 2583
13479, 2583 13845
13480, 2583
13481, 19403 18980
13482, 22040 2583 4339 19159 9529 16462
13483, 9529
13484, 2583
13485, 13585 21785
13486, 2583 9329
13487, 4339 19159 22690
13488, 2583 5387
13490, 9830 9742
13491, 22040
13492, 20550 7308 10168
13493, 3747 20596 14575
13494, 2583
13495, 10375 4079 4339 3859
13496, 2583
13498, 9529
13499, 2583
13500, 2583 9529 12901
13501, 4339 4672 8217 9645 20352
13502, 10375 4339 9529 12073
13503, 15559
13504, 22040 22096
13506, 2583 14909
13507, 4339
13508, 2583
13509, 2583
13510, 10375 22040 9529 20765
13511, 2583 12223
13512, 2583
13513, 9529 22690
13514, 19403 5789
13515, 2517 15935
13516, 19159
13517, 22040 2583 4339 19159
13518, 22663
13519, 10375 2583
13520, 22040 2583
13521, 2583 9830
13522, 9529 20765
13523, 2583
13524, 5789
13525, 4339 11352 12901
13526, 2583
13527, 2583
13528, 10375
13529, 7474
13530, 2583 9529
13531, 2583 9529
13532, 12912
13533, 2583 9529 17418 22690
13534, 2583 23024
13535, 9529
13536, 8340 9258
13537, 17267
13538, 2583
13539, 9529
13540, 9186 16724
13542, 9529
13543, 2583 9529 6107
13544, 2583
13545, 9529
13547, 10375
13548, 4339 19375 10382 23607 3202 22079 17620 9664 13035 7203
13549, 22483
13550, 2583
13551, 8933 2583 4339 15397 9529 9329 2028 20352
13552, 11352
13553, 8459
13554, 4079
13555, 9529
13556, 22040
13557, 9529
13558, 2583 15397 23024
13559, 6843
13560, 2583 23024
13561, 2580 21003
13562, 2583
13563, 3040 9529
13564, 2583 6107
13565, 2583
13566, 4079
13567, 10375 3040 5387
13568, 10375 3040 2583 4339 5742
13569, 2583 14673 22781 12901
13571, 9529
13572, 2583 6107
13573, 12223 9529
13574, 15200
13575, 2583
13576, 9529
13577, 21518 12223 9529 7308
13578, 2583
13579, 10375 2583
13580, 15397 9529 9329
13581, 8070
13582, 17420
13583, 7308
13584, 10375 2583 4339 9092
13585, 22040
13586, 10375 8933 4339 7206 14575 11567
13587, 22040 19540
13588, 9529
13589, 9529
13590, 9529
13591, 19828
13592, 10375
13594, 2583
13595, 2583 17420
13596, 2583 9830
13597, 10375 6243 22786 10187 10382 1132
13598, 17978
13600, 2583
13601, 9952
13602, 7888
13603, 2583
13604, 2583
13606, 4339 9529
13607, 2583
13608, 17420 9529 13630 11112
13609, 2047
13610, 10375
13611, 2580
13612, 9529
13613, 8340
13614, 9952
13615, 4339 6577 6107
13616, 2583 4591
13617, 10249
13618, 23640
13619, 10375 2583 9529
13620, 19159 10170
13622, 10375 2583 4339 19159
13623, 10375 9529 13630
13624, 3040
13625, 9529 6107
13626, 9529
13627, 9529 7308
13628, 9529
13629, 2583 9952
13630, 10375 9529
13631, 10249
13632, 2583
13633, 10375 20313
13634, 19403 9529
13635, 19159 6183
13637, 10355
13638, 22808 20118
13639, 10375
13641, 22040 9529
13642, 9529
13643, 10375 9529 7206
13644, 8340 19540
13645, 22040
13646, 2583 6107
13647, 2583
13648, 10375 9529 6107
13649, 6107 7474
13651, 9529
13652, 4339 7308
13654, 2583
13655, 9952
13656, 2583
13657, 4339 14579 17418
13659, 19159
13661, 10375
13663, 10375
13664, 10375 4079 4339 8070
13666, 2583 4339 15397 9329 2028
13667, 2583 19503
13669, 10375 12073
13670, 2583
13671, 11645
13673, 10375 4339
13676, 9742
13677, 10375
13678, 10375 12223 8070 9645
13679, 4339
13680, 18309
13681, 4339
13682, 17420
13684, 21932
13686, 19403
13688, 2583 9830 1516
13689, 8933 2583
13690, 10375
13691, 21932
13692, 2583 4339 9329
13694, 17420
13695, 10375
13696, 2583
13699, 10375 22040 4079 2583 4339 14579 8070 9529 20565 8217 7206 16684 20352
13700, 2583
13701, 17420
13702, 9529
13703, 22040 3828 2583 14579 20550 16976 13085 9258 13845 6107
13704, 2583
13705, 9529
13707, 10375 9529
13708, 17420
13709, 4848 4192 5220 8070 9529 8217 12835 10619 13487 7206 16684 2192
13710, 14702 21003
13712, 22040 12223 17453 1976 9258
13713, 8694
13715, 17420
13716, 2583
13718, 2583
13719, 2583 23024
13720, 8694
13721, 7525
13722, 8459 12912
13723, 2583
13724, 8867
13726, 10375 8933 2583 4339 1231 15397 20550 13990 10382 9329 19503 1976 8217 13845 13673 22781 20352
13727, 14673
13729, 14575
13730, 2583
13731, 2583
13732, 10375 10382
13733, 2583 5220 8070 23644 6704 5637 9645
13734, 10375 6722 4192 4339 6243 22786 19375 8070 10187 10382 11099 8217 12835 11969 5637 13487 7206 1132 16684
13735, 22040
13738, 22040 20550 7308 23024
13739, 2583 9329
13740, 2583 9529
13741, 4079 9529 14034 13951
13742, 10375
13743, 2583
13744, 2583
13745, 4339 8070
13746, 2583
13747, 10375 2583 10355 8070 9529 18079 2028
13748, 4079 2583 20671
13749, 17420
13751, 3989
13752, 10375 20352
13753, 8758
13754, 4339
13755, 10375
13756, 17420
13757, 2583
13758, 6208
13759, 2583
13760, 2583
13761, 19159
13762, 10375 2583 4339 18980 9329
13763, 2583 9529
13764, 19159
13765, 9529
13768, 2583 23024
13769, 2583
13770, 10375
13771, 6208
13772, 4339 9529
13773, 9469
13774, 22040 21009
13775, 2583
13777, 2583 23024
13778, 2583
13780, 2583 14702 10467 9529
13781, 18245
13782, 19540
13783, 9529 20352
13784, 2583
13786, 22040 4339 17453
13788, 9830
13789, 3040 17420 8070 13487 15120
13790, 2583 15397 9329
13793, 4339
13794, 2583
13795, 19159 8070 2517
13796, 10375 6243 17420 8070
13797, 2583
13798, 2583 14702 22193
13799, 2583
13801, 2583
13802, 2583
13804, 17420
13805, 9529
13806, 23024
13807, 4079
13808, 2583 15561
13809, 5742 9258
13810, 2583
13811, 10375
13812, 2583
13813, 4339
13814, 15397 20352
13815, 10375 22040 8933 4339 19159 6183 9529 2577 20352 12189
13816, 10375 9529 4672 12912 14034 20352 10787 21003 16462 12901 21785
13817, 4339 19159
13818, 2583 4339 9329 7308
13819, 15561
13820, 4339
13821, 3040
13823, 20596
13824, 8960 19403 20572 17267 10355 11143 23388 19318
13825, 20671
13827, 4339
13828, 18892
13829, 2583 17420 10382
13830, 17420
13831, 4339 19159
13832, 4339
13833, 4339 23024
13834, 19159
13835, 3230
13836, 21518 9529 10168
13837, 22040 2583 19540 20812
13838, 6107
13839, 4339
13840, 22040 5742 19540
13842, 6843 5742
13843, 10375 19159
13844, 10375
13845, 10375 22040 4339 19159 12223 5742
13846, 4339 9645
13847, 21464
13848, 10375 8070 5637 9645 15120 1132
13849, 4339
13850, 9830
13851, 4339
13852, 8340
13853, 2583
13854, 2583
13855, 13861 6107
13856, 21464
13857, 19403
13858, 2583
13859, 4339 19159
13860, 4079 14579
13861, 4339 19159
13862, 8340
13864, 3273
13865, 4079 9529 9186
13866, 2583 2191
13867, 2583 1976
13868, 10375 2583 15397 20352
13869, 10375 4339
13870, 2583
13871, 2583
13873, 6722 9719 9529 8867
13874, 2583
13875, 2583 15397 1516
13877, 3040 15810 16912
13878, 9529
13879, 3777
13880, 17420
13881, 2583
13882, 2583
13884, 2583
13885, 22040
13886, 2583 19403
13887, 4339 5568 4131
13888, 2583 9529
13889, 3777
13890, 4339
13892, 19159
13893, 9529 7694
13894, 4339 8217
13896, 10375 20352
13897, 10375 4079
13898, 10375 2583 8070
13899, 4339
13900, 9830
13901, 4339
13902, 2583
13903, 9529
13904, 10375
13905, 2583
13906, 10355
13907, 4672 16462 7219 19175 10715
13908, 9032
13909, 4079 6315 9529
13910, 9529
13911, 18892
13912, 2583
13913, 2583
13915, 2583 9830 23024
13916, 8867
13917, 21464
13918, 2583
13919, 2583 4339 20550
13920, 4339
13921, 10375 19159
13922, 22040
13924, 2583
13925, 23024
13926, 10375
13927, 21464
13928, 8867
13929, 22040
13930, 2583 7308
13931, 22040 4339
13932, 2583
13934, 2583 8070
13935, 19159 9529
13936, 4339
13937, 10375 9529
13938, 21464
13940, 2583
13941, 2583 6577 4131
13942, 2583
13945, 3828
13946, 8070
13947, 21464
13949, 9529
13951, 7206
13954, 2583 3929 9329 23024 20352
13955, 21518
13956, 22040 17420
13957, 2583
13958, 14579
13959, 2583
13960, 2583 8070
13962, 2583
13963, 2583
13964, 2583
13965, 16571 19191
13966, 4339
13967, 2583 9830 14702 12692
13968, 10375 4339
13969, 2583
13970, 9529
13971, 2583 5387 19503 1976
13972, 17420 10370
13973, 2583
13974, 12223 8070 5742 9529 5637 19034
13977, 2583
13978, 10375 9529
13979, 10467
13980, 2583
13982, 17420
13983, 2583
13984, 10375 4079 9529 12912 20352
13985, 10370
13986, 9529
13987, 9830
13988, 22040 8758
13989, 10375
13990, 4339
13991, 2583
13992, 2583 13845
13993, 7206
13994, 10375 4339
13995, 8340
13996, 8459 21517
13997, 10375
13998, 4079 3083
13999, 9529 11112
14001, 2583 19159
14002, 6107 16724
14003, 8758
14004, 4339
14005, 8933 2583 2028
14006, 2583
14008, 2583 13845
14009, 20572 8070 9529
14010, 17420
14011, 10375 4339 19159 12223 5742
14012, 2583
14014, 2583
14016, 4339 21518 6428 4641 5742
14017, 2583 8070 9529
14018, 2583 4339
14019, 2583 15969
14020, 8933 2583 2028
14021, 9529
14022, 2583
14023, 2583 23024
14024, 22040 22096
14025, 17420
14026, 2583
14027, 4339 10382
14029, 2583 3989
14030, 8070 9529
14031, 22040 5742
14033, 10375 4079
14034, 2583 19159
14036, 4079
14037, 22040 4339
14038, 17418
14039, 4339 19250 15461
14040, 2583 15397 10467 9329
14041, 17420
14044, 4079 9529
14046, 2583 4339
14047, 2583
14048, 10375
14049, 2583
14050, 22040 12559
14051, 2583
14052, 17420
14053, 2583
14054, 2583
14055, 2583
14056, 4339
14057, 9529
14058, 2583
14059, 2583
14060, 17420
14062, 2583
14063, 2583
14064, 9830 9329
14065, 10375 2583 8070 9529
14066, 2583 1516
14068, 10375 9529 12559
14070, 12223 5742
14071, 13188 11062 15561 8070 9529 22733
14073, 10375 4079 8070 9529 8723 7206
14074, 2583
14075, 2583
14076, 10375 9529
14077, 2583
14078, 6107
14080, 19159 9529
14081, 2583
14082, 2583
14083, 2583 9830
14085, 20352
14086, 6843 2583
14089, 2583
14090, 7694
14091, 10375 6722
14092, 4339
14093, 8070 15120 18245
14094, 10375
14095, 2583
14096, 9529
14097, 22480
14098, 22437
14099, 12223 5742
14100, 10375 9529
14101, 4079 4339 19159 9742 9529 8723 9186 7206
14102, 7694
14103, 17420
14104, 2583 4339
14105, 10375
14106, 10375
14107, 20146
14109, 17420
14110, 10375 4339
14111, 16912 9529 9186
14112, 7206
14114, 17420
14115, 10375 2583 8070
14116, 4079
14117, 8070
14118, 22040
14119, 17420
14120, 22040
14121, 5387
14122, 1894
14123, 4339
14125, 2583
14126, 17420
14127, 7206
14128, 2583
14129, 10375
14131, 22040
14132, 17420
14133, 2583 15383
14135, 2583
14136, 2583
14137, 10375
14138, 4339
14139, 9529
14141, 10375 2583 4339
14142, 9529
14143, 2583
14144, 2583
14146, 10375 21518 9529
14148, 2583
14149, 2583
14150, 2583 1976
14151, 4339
14153, 22040
14154, 22040 4339
14155, 2583
14156, 6183
14157, 4339 7308
14158, 2583
14159, 9529
14160, 4339
14161, 2583
14162, 2583 4339 20550
14163, 9529
14164, 2583
14165, 17418
14166, 2583
14167, 2583
14168, 3040 13600 19327
14169, 4079 19159 9529
14170, 10375 2583 9830 4339 2733 1516
14171, 2583 4339
14172, 2583 15397
14173, 2583
14174, 9529 9186 7206
14175, 2583 19503
14176, 2583
14177, 22799
14178, 2583
14179, 2583
14180, 22040
14181, 2583
14182, 22040 8340
14183, 9529
14185, 2583
14186, 7206
14187, 22141
14189, 10375
14190, 9529 22799
14191, 2583
14192, 22437
14193, 9830
14195, 2583
14198, 2583
14199, 10375 4339 19159
14200, 9830
14201, 10375 4079 4339 19159 9529 8723 1132
14202, 10375 20812
14203, 2583 3823
14204, 10375
14206, 12223 5742
14207, 9830
14208, 2583
14209, 10375 22040 4079 2583 4339 9529
14211, 4339
14212, 2583 4339
14213, 2583 12223 8070
14214, 4339 19159 10382
14215, 10375 4079 4339 9529 8723 1132
14217, 2403 21800
14218, 4339
14219, 22040
14220, 2583
14221, 3325 9830
14222, 9830
14223, 2583 8070
14224, 22040
14225, 2583 13673
14226, 22040 14413 15516
14227, 22437
14228, 2583
14229, 2583 15397
14230, 2583 19503 13085
14231, 2583
14232, 19159
14233, 9830
14235, 17420
14238, 2583
14240, 2583
14242, 2583
14243, 10375 4339
14245, 15572
14246, 2583 13673
14247, 9830
14248, 3040 13188 11062 22733
14249, 17420
14250, 12223 5742
14252, 2583
14253, 10375 2583
14254, 22040 4339 19540
14256, 17418 6107
14257, 15572
14258, 2583 4339
14259, 4339
14260, 2583
14261, 9830
14262, 22040 2583
14263, 4339 20565
14265, 4339
14268, 4339 17418
14269, 2583
14270, 15572
14271, 9830
14272, 10375 8933 4339 19159 8915
14274, 17420
14275, 2583
14276, 2583
14277, 9645
14278, 4339
14279, 2583
14280, 2583
14282, 20114
14283, 1132
14284, 9830
14285, 10375
14286, 10375
14287, 1894
14289, 13861
14290, 2583
14291, 2583 19403
14292, 2583
14293, 2583
14294, 2583
14295, 20596
14296, 2583 9529 13673
14297, 9830
14298, 2583
14300, 13861
14301, 10375
14302, 10168
14303, 22040
14304, 2583 15397 13845
14305, 9830
14306, 10375 4079 4339 19159 8070 9529 8723 9645 1132
14307, 2583
14308, 2583 11156
14309, 2583
14311, 17420
14312, 10375
14314, 10375 2583
14315, 15397
14316, 9830
14317, 9529
14318, 3325 9830
14319, 20572 10355 14852 9529 2723
14320, 8070
14321, 2583 9529
14322, 4339
14323, 8933
14324, 8070
14325, 2583 20550
14326, 4079
14327, 9830
14328, 19159
14329, 10375
14330, 12516
14331, 17420
14332, 2583
14333, 2583
14334, 2404 9529
14335, 2583
14336, 4339
14337, 9830 14702
14338, 22040 2583
14339, 9830
14340, 22591
14342, 17267
14343, 4339
14344, 2583
14345, 4339
14346, 22040
14348, 10375 2583
14349, 10375 2583 4339 9329 17418 20352
14350, 9830
14351, 20550 20114
14352, 2583
14354, 9830
14355, 4339
14356, 17420
14357, 2583
14358, 10375 2583
14359, 4339 19159 10382
14360, 9529 13673
14361, 2583 20550
14363, 4339
14364, 22040 4339 8070
14366, 19403
14368, 8070
14369, 2583
14370, 4079 2191 9529 14673
14371, 13673
14372, 12516
14373, 11352
14374, 9529
14375, 7525
14376, 4848 2583
14378, 7308
14379, 2583 12223
14381, 2583
14382, 17420
14383, 2583
14384, 4339 19159
14386, 18857 6202
14387, 2583 15397
14388, 6722 2583 8070 9529
14389, 10375 22040 6722 4079 18518 4339 19159 8070 9529 10382 19503 9186 7206
14390, 22040 8340
14391, 2583
14392, 9830
14394, 2583
14395, 7525
14397, 2583
14398, 12223
14399, 9830
14400, 2583
14401, 2583 18857
14402, 10382
14403, 2583
14404, 9742
14405, 22040 4079
14406, 10375 4339
14407, 4339
14408, 2583 19503
14409, 2583
14410, 2583 12223
14411, 2583
14412, 17420
14413, 4339 20550
14414, 10375 4079
14415, 22040 4339 12516
14416, 22040 9529
14417, 13188 2583 11062 15561
14418, 2583
14419, 2583 9830 18326
14420, 10375 4079 4339 19159 8340 9529 19250
14421, 22040
14423, 2583
14424, 5387
14425, 2583
14426, 10375 2583
14427, 2583 4339 20550
14428, 19159
14430, 2583
14431, 4339
14432, 2583
14433, 17420
14434, 10375
14435, 13188 11062 19327
14437, 22662
14438, 2583
14439, 17267
14440, 10375 15120
14441, 12827
14442, 2583
14443, 17420
14444, 10375 4339 8459
14445, 2583 15397
14446, 2583
14447, 2583
14448, 2583 2577
14449, 22040 4339 19159
14450, 4339
14451, 2583
14452, 2583 4672
14453, 10375 2583
14454, 2583
14455, 2583 15120
14456, 22040
14459, 2583
14461, 9830
14462, 8070
14463, 2583
14464, 2583
14465, 10375 8070 9529
14466, 2583
14467, 22040 17418
14468, 2583 15561 9742
14469, 10375 4339 8070
14470, 10375
14471, 4079
14472, 2583
14473, 2583
14474, 22040 2583 1976
14475, 2583
14476, 22591
14477, 22040
14478, 2583
14479, 9529
14481, 8340
14482, 2583
14483, 15397 12223 10467 5742 16525
14484, 2583
14485, 22591
14486, 2583
14488, 2583
14489, 2583
14490, 2583
14491, 2583
14492, 15200
14493, 10375 4079 4339 19159 9529 8723
14494, 2583
14495, 2583
14496, 10375 4339
14497, 2583
14498, 2583
14500, 2583
14501, 17420
14502, 4339 19159 6183
14503, 4339
14504, 22040 8340 17453 15479
14506, 2583 4339 5387
14507, 2583
14508, 22663 5742 18050
14509, 10375 4339 19159 7308
14510, 2583
14511, 2583
14512, 10375
14513, 9830 17368
14514, 22040 14579 20550 19540 9258
14515, 4339 19159
14516, 4339
14518, 2583
14519, 9830 17368
14520, 2583 10355 20550
14521, 2583
14522, 4339
14523, 10382
14524, 9830 5568 2451 17368
14525, 8340
14526, 10375 17420
14527, 22040 20550 5742 7308
14528, 17420
14529, 15200
14530, 2583
14531, 2583
14532, 10375
14533, 4339
14534, 22040
14536, 17420 8070 10619 6704 9645
14537, 9529
14538, 2583
14540, 2583
14541, 10375
14543, 2583
14544, 4079 17453
14545, 12516 7308
14546, 10375
14548, 8933 4339 17844 13359 5742
14549, 2583
14550, 9529
14551, 2583
14552, 10375 2583
14553, 2583 15397
14554, 19982
14555, 4339
14556, 9830
14557, 10375 17420
14558, 10375
14559, 2583
14560, 20550 22150 19540 7308 13085 9645
14562, 4079
14563, 4339
14564, 2583
14566, 4339
14568, 2583
14569, 2583
14570, 4079 8676
14571, 9830 15397
14572, 2583
14573, 18326
14574, 2583
14575, 2583
14576, 2583 9830 12223 5742
14577, 9830
14578, 2583
14579, 10375 9529
14580, 2583
14581, 2583
14582, 19159
14583, 2583 4339
14584, 9258
14585, 2583
14586, 2583
14588, 2583
14589, 10375 22040 2583 4339 14470
14590, 2583 4339 7308
14591, 2583
14592, 4339
14593, 2583 4339 20550
14595, 2583
14596, 22040
14597, 2583
14598, 2583 9742
14599, 2583
14600, 14579
14601, 22040 8070 19540
14602, 2583
14603, 19159
14604, 10355
14605, 13845
14606, 2583 7308
14607, 22040
14608, 9529
14609, 10375
14610, 22040
14611, 2583
14612, 9529
14613, 2583
14614, 2583
14615, 22040 2583 4339
14616, 4339 9529
14617, 23388
14618, 2583 15397
14619, 2583
14620, 17420
14621, 4339 20565
14622, 2583
14624, 9529
14625, 17420
14626, 9258
14627, 2583
14628, 2583
14629, 4079 17420
14630, 2583
14631, 10375 2583 9830
14632, 2583
14633, 2583
14634, 2583 15397 5742 14413
14635, 8823 17420
14637, 10375 2583 15397 9329
14641, 8340
14643, 2583 12692
14645, 10375 2583 4339
14647, 10375 8070 9529 9645
14649, 10375 2583 9329
14650, 2583 4339
14651, 20572
14653, 4339
14654, 2583
14655, 8340 5742
14656, 2583
14657, 2583 8070
14658, 2583
14659, 2583 12516
14660, 2583
14661, 19159 6183
14662, 2583
14663, 12223
14664, 10375 4079 4339 11352
14665, 2583
14667, 9830 5568
14668, 14359 9529
14670, 2583
14671, 2583
14672, 19159
14673, 2583
14675, 12516
14676, 15397
14677, 2583
14678, 9830
14679, 2583
14680, 8723
14681, 4848 2583
14682, 17267 11645 2906 17593
14683, 22040
14684, 2583 20550
14685, 19159
14687, 18326
14688, 2583 8070
14689, 17420
14690, 9830
14691, 10375
14692, 2583
14693, 22040
14695, 19159
14696, 2583
14698, 2583
14699, 4339 11352 5742
14700, 9830
14701, 4339
14702, 16458
14703, 5258 15810 12223 5742 22181
14704, 2583
14705, 9529
14706, 8070 9529
14707, 2583
14708, 9329 7308
14709, 22040
14710, 5742
14711, 2583
14712, 2583 9830
14713, 2583 9719
14715, 2583
14716, 10375 9719
14717, 22040
14718, 17420
14719, 22040 5742
14720, 10375
14722, 2583
14723, 22040
14724, 9529 9092
14725, 9830
14726, 22040 8340 17453 9258
14727, 2583
14728, 17420
14729, 9830 11207
14730, 18326
14731, 22040 2583
14732, 22040 8340
14733, 22040
14735, 2583
14736, 2583
14737, 7585
14740, 9830 2404
14741, 2583
14742, 2583
14743, 5742
14744, 2583
14745, 18326
14746, 4339
14747, 2583 5387
14748, 2583
14749, 2583
14750, 4079 9529
14752, 2583 9830 9329
14753, 19403 8070
14755, 4339
14756, 4339
14757, 9830
14758, 2583
14759, 11352
14761, 8723
14762, 22040
14764, 5220
14765, 2583
14766, 2583
14768, 2583
14769, 2583
14772, 9830
14773, 10375
14774, 2583
14775, 4079
14776, 2583
14778, 2583
14779, 14275
14780, 2583
14781, 2583
14782, 17420
14783, 2583
14787, 2583 14909 15397
14788, 9830
14789, 10375 2583
14791, 2583 15397
14792, 2583
14793, 2583
14796, 15898
14797, 2583
14800, 2583
14801, 19159 17420 8070
14802, 2583 4339
14803, 4339
14804, 9830
14805, 2583 9529
14806, 2583
14807, 22040 2583 20550 8070
14808, 10375 9529
14809, 9830 14579
14810, 2583
14811, 22040 2583 4339 5387
14812, 15898
14813, 2583
14814, 1585
14815, 2583
14816, 2583
14817, 10375 22040 4339
14818, 2583
14819, 2583 15397
14820, 2583 22150
14821, 10355
14822, 10375 13085
14823, 2583
14824, 19403 22591
14825, 9830
14826, 12516
14827, 2583
14828, 2583 4339
14829, 17420
14830, 9529
14831, 10375 4339 20565
14832, 2583 8070
14833, 9830 8070 9742
14834, 2583 4339
14835, 20146
14836, 10375
14837, 2583
14838, 10375 2583 14909 15397
14839, 2583
14840, 9830
14841, 2583
14842, 2583
14843, 17420
14844, 17420
14845, 2583
14846, 2583
14847, 22040 8915
14848, 10375 4339
14849, 18326
14850, 2583
14851, 2583
14852, 2583 15397
14853, 2583 15397 13573 9329
14854, 2583
14855, 9830 8070
14856, 2583
14857, 2583
14858, 17420
14859, 9830 12223
14860, 2583
14861, 8340
14862, 2583
14863, 18326
14864, 8933
14865, 2583
14866, 4339
14867, 22040 2583
14868, 9830
14869, 17420
14871, 10375 5387
14872, 20146
14874, 10375 22040 6722 4339 10355
14875, 18326
14876, 2583
14877, 2583 10355
14878, 10375
14879, 22040 8340
14880, 22040
14881, 22040 2583
14882, 22181
14883, 2583 7345
14885, 20146
14886, 18326
14887, 2583
14888, 4339
14889, 10375 4339
14890, 2583
14891, 14579
14892, 8070
14893, 12223
14894, 10375 2583 7345
14896, 18326
14898, 5220
14899, 2583
14900, 2583
14903, 2583 7345
14904, 10375 8070 9529
14905, 18326
14908, 2583
14910, 22040 8340
14911, 2583 7345
14912, 7345
14913, 2583
14914, 2583 2028
14915, 17420 5742
14916, 2583
14917, 4339
14918, 10375
14919, 2583
14920, 10375 9719
14921, 3537
14922, 10375 8933 2583 9830 4339 5387 9329 19503
14923, 2583
14925, 9830
14926, 2583
14927, 19250
14928, 10355
14929, 4079
14930, 6843
14931, 4079
14932, 2583 9719 17420
14934, 4848 2583 9830 15397
14935, 2583
14936, 8823 4079
14937, 9529
14938, 10375 22040 4079 4339
14939, 4339
14940, 22040
14941, 4339
14942, 2583
14943, 2583 19159
14944, 2583
14945, 4339
14946, 10375 4339 2171
14948, 4339
14949, 2583
14950, 4339
14951, 10375 3828 2583 2171 22786 12223 11352 10382
14952, 22040
14953, 4339
14954, 2583
14955, 8459
14956, 2583
14957, 2583
14958, 17420
14960, 2583
14961, 5742
14962, 2583 4339
14963, 13188 2583 1223 2404 15561
14964, 2583
14965, 10375
14966, 10375 4339
14967, 2583 5387 10355 8070 13600
14968, 2583
14969, 8933 11352
14970, 2583
14971, 9529
14972, 4339
14974, 8070
14975, 2583
14976, 4339
14977, 5387 18079
14979, 10375 2583
14980, 2583 9742
14981, 7525
14983, 9830 15397 9514
14984, 10375 2583 4339 1223 15397 20550
14985, 2583
14986, 4339
14987, 2583 19982
14988, 10375
14991, 2583
14992, 2583
14993, 22040 9258
14994, 2583 4339
14995, 2583 6202
14996, 22040 7048
14997, 2583
14998, 22040
14999, 2583
15000, 2583
15001, 2583
15002, 2583
15003, 22040
15004, 2583
15005, 10375 4339 7525
15006, 4848 21518
15007, 19327
15008, 5742
15009, 2583 14275
15010, 2583 19503
15011, 2583
15012, 1585
15013, 17420
15014, 2583
15015, 4339
15016, 2583
15017, 2583 12223
15019, 10375 10413
15021, 2583
15023, 12223 5742
15025, 8676
15026, 14579
15027, 2583
15028, 8070 2723
15029, 2583 9529
15030, 2583
15031, 5387
15032, 2583
15033, 2583
15034, 12223 5742
15035, 9529
15036, 14359
15037, 2583
15038, 22040 4339
15041, 10355 20566
15042, 22040 2583
15044, 2583
15045, 10375
15047, 2583
15049, 2404 15397 9742 19503
15050, 2583 15397
15051, 2583 4339
15052, 20566
15053, 18079
15054, 10375
15055, 2583
15060, 2583
15061, 10375
15062, 10375
15063, 4079
15064, 2583
15065, 2583 20566
15066, 4339
15067, 13572
15068, 2583 15397 5673 18291 13600
15069, 2583
15070, 8340
15071, 10375 22040 2583 4339 12223 11352 8070 7308 20352
15072, 10375
15073, 2583 4339
15074, 10375 22040 4079 4339 14579 17453
15075, 4079
15076, 2583
15077, 2583
15078, 10375
15081, 2583
15083, 4339
15084, 2583
15085, 10375
15087, 2583
15088, 22040
15091, 10375 22040 4339
15092, 5621 12516
15093, 11680
15094, 2583
15095, 9830
15096, 2583
15097, 10375 22040 21518
15098, 3747
15099, 2583
15100, 15837
15101, 2583
15102, 2583
15103, 6843 2583
15104, 2583
15106, 2583
15107, 8340
15108, 10375 22040 2583 4339 13572
15111, 2583
15112, 10375 4339
15113, 2583
15115, 2583
15116, 21043
15117, 9830
15119, 2583
15120, 10375 16912
15121, 4848
15122, 9830
15125, 10375
15126, 17420 5742
15127, 6843 2583
15128, 2583
15129, 2583
15130, 17420 6577
15131, 9830
15133, 4079
15134, 22040 2583 2647
15135, 2647
15136, 10375 4848 2583
15137, 9830
15139, 2583
15140, 2583
15141, 17453
15143, 22040
15144, 2583 20550
15145, 17420
15146, 9830
15147, 4339
15148, 10375 2583
15150, 2583
15151, 2583
15152, 9830
15153, 2583
15154, 22040
15155, 2583 16976
15156, 4339 19159
15157, 2583
15158, 9830 4339
15159, 10375 8933 2583 9830 4339 2404 5387 2171 15397 11352 2028
15160, 2583 4339
15161, 9830
15163, 2583
15164, 8340 8070
15165, 9830
15166, 4339
15167, 2583
15168, 12516
15169, 2583
15170, 2583
15172, 2583
15174, 2583
15175, 5673
15176, 2583
15177, 9830
15178, 2583
15179, 4339
15180, 2583
15181, 2583
15184, 19159
15185, 10355
15186, 22040 4079 4339 12478 1743 19540
15188, 2583
15189, 22040
15190, 10375 4339
15191, 2583 2028
15192, 9830
15193, 2583
15194, 2583
15195, 22040 4339 17453
15196, 2583
15197, 20146
15198, 2583
15199, 2583
15200, 9529
15202, 2583
15204, 2583
15205, 2583
15206, 10375 9830 15397
15208, 2583
15209, 2583
15210, 2583
15211, 2583
15212, 2583 12223
15213, 14359
15215, 10375 4339 19159
15216, 8340
15217, 4339
15218, 2583
15219, 2583
15220, 2583
15221, 10375 2583 4339
15222, 3828 2583 5673 20550
15223, 22040
15225, 2583 13523
15226, 2583
15228, 2583
15229, 8070
15230, 10375
15231, 12223
15232, 4339
15234, 2583
15235, 4339
15236, 2583
15237, 10375 2583
15238, 22040
15239, 10375
15240, 2583 14909
15241, 2583
15244, 17420
15245, 2583 4339
15246, 2583
15247, 2583 19503
15248, 2583
15250, 2583 5387
15251, 13572
15252, 2583
15253, 18142
15254, 2583
15255, 9830
15256, 2583
15258, 2583
15259, 2583
15260, 10375
15261, 2583
15263, 17453
15264, 9830
15265, 2583 4339
15266, 2583
15267, 10375 4672
15268, 10375 4079
15269, 2583 4339
15270, 2583
15271, 2583
15272, 2583 4339 9719 5673
15274, 13572
15275, 4339
15276, 2583
15277, 2583
15278, 2583 17420
15279, 10375
15280, 2583 4339
15281, 22040
15282, 2583
15283, 2583
15284, 2583 18066
15286, 4079 4671
15287, 10375
15288, 2583 9830
15289, 2583
15290, 10375 2583
15292, 8070
15293, 17420
15294, 4339
15295, 10375
15296, 2583
15297, 2583
15298, 2583
15299, 2583 8070
15300, 2583
15301, 2583
15302, 22040
15303, 2583
15305, 2583
15306, 2583
15307, 2583
15308, 2583
15309, 2583 22193
15310, 17420
15311, 2583
15312, 9830 9529
15313, 2583 20550
15314, 2583
15315, 10375 2583
15316, 5387
15317, 2583
15318, 22193
15319, 2583
15320, 2583
15322, 2404 15397
15323, 2583
15324, 10375 4339 5742
15325, 4339 19159
15327, 2171 14359
15328, 2583
15329, 2583
15330, 2583
15331, 11352
15333, 22040
15334, 2583
15335, 12516
15336, 2583 9529
15337, 10375 2583 4339 20550 9329
15338, 2051
15339, 2583
15340, 2583
15341, 4339
15342, 10375
15343, 2583
15344, 9830
15346, 10375
15348, 2583
15349, 2583
15350, 22040 2583 8070
15352, 10375
15353, 4339
15354, 2583
15355, 10375 4339
15357, 10375
15358, 17420
15360, 9830
15361, 12478 1743 20550 19540 12516 17453
15362, 10375
15364, 2583
15365, 9830
15366, 12516
15367, 5387
15368, 2583
15369, 8340
15370, 9830
15371, 2583 1223
15372, 22040 2583
15373, 9830
15374, 2583
15375, 2583
15376, 9830
15377, 10375 2583
15378, 10375
15379, 6843 2583
15380, 2583 10355
15381, 2583 4339
15383, 2583
15385, 10375
15387, 2583 1231
15390, 9830
15391, 2583
15392, 9645
15393, 2583
15394, 4079
15395, 2583
15396, 22040 4339 14852
15399, 9830
15400, 2583
15401, 2583
15402, 2583
15403, 2583
15404, 6961
15405, 2583
15406, 2583
15408, 12478 1743 20550 19540 12516
15410, 6722 2583
15411, 2583
15413, 2583 2404
15414, 9742
15415, 18326
15416, 17420
15417, 2583 4339
15418, 6428 18834
15419, 2583
15420, 9830
15421, 19375 8070
15422, 6722 3828 5220 20550
15424, 12223
15426, 2583
15427, 2583
15428, 10375 2583
15429, 2583 9830
15430, 2583
15431, 2583
15432, 4339
15433, 2583
15434, 10375
15435, 2583
15436, 2583
15437, 2583 5387
15438, 2583
15440, 10375 22040 4339
15441, 10375
15442, 3823
15443, 10375
15445, 2583
15446, 9742
15448, 2583
15452, 2583 4339
15453, 22040 19159
15456, 2583
15458, 2583
15459, 2583
15460, 2191
15461, 10375 2583 17420
15463, 10375
15464, 14909
15465, 10375 8933
15466, 19540
15467, 2583
15468, 20550
15469, 10375 4339
15470, 2583 8070 9645 10425
15471, 2583
15473, 2583
15475, 4848
15476, 2583 17420
15478, 2583
15479, 10375 2583
15480, 22040 8915
15481, 19540
15482, 2583
15483, 5673
15484, 10375
15485, 19403
15486, 2583
15487, 10375
15488, 10375 4339 6243 19375 8070 10382 19250
15489, 2583
15491, 10375
15492, 2583
15493, 18291
15494, 2583
15495, 2583
15496, 2583
15497, 10355
15499, 9529
15500, 2583
15501, 2583
15502, 2583
15505, 10375 10382
15507, 20572
15509, 2583
15511, 4079
15512, 10375 2583 14359 22786
15513, 8070
15514, 2583
15515, 2583
15516, 10375 2583 4339
15517, 10375 4339
15518, 2583
15519, 9830
15521, 2191 3823
15522, 2583
15523, 10375
15524, 21518
15525, 2583
15526, 2583
15528, 22040 8340
15529, 10375 10382
15530, 22040 4339
15532, 15810 15837
15533, 2583 5673
15535, 10375
15536, 2583
15537, 10375 2583 8070
15538, 2583
15539, 2583
15541, 2583 15397
15542, 2583 9719
15543, 2583 18291 8070
15544, 9529
15545, 8070 20832
15546, 4339
15547, 2583
15550, 2583 9830 9742
15551, 2583
15552, 2583
15554, 2583
15555, 10375 22040 4339 19159 6183
15557, 22040 2583
15558, 2583 8070
15559, 10375 4848 4079 3828 2583 4339 12223 20550
15560, 10375 2583
15561, 2583 9529
15562, 2583
15563, 7102
15564, 2583
15565, 5673
15566, 10375 2583
15567, 2583
15568, 2583
15569, 2583
15570, 17267
15572, 10375
15573, 17420
15574, 4339
15579, 2583
15580, 2583
15581, 10375 4339
15582, 10375 2583 15397
15583, 2583
15585, 2583
15586, 4339
15588, 2583 9830
15589, 10375 17420
15590, 2583
15591, 2583
15592, 9742
15593, 2583
15595, 2583
15596, 10375 2583 14909 5387
15597, 2583
15598, 2583 9529
15599, 10375
15600, 2583 14909
15601, 2583
15602, 14579
15603, 8340
15604, 2583
15605, 2583
15606, 9830
15607, 3040 2583 4339 20550 7308 2028
15608, 12223 5742
15610, 22040
15611, 4339
15612, 2583
15613, 10375
15614, 2583
15615, 2583
15616, 4339
15617, 22040 17420 12516
15618, 4339
15619, 2583
15621, 2583 4339
15622, 17267
15623, 10375
15624, 21518 22786 6428 11352 5742 17453
15626, 2583
15627, 22040 4339
15628, 4079 14579 14673
15629, 2583
15630, 2583 9830
15631, 10375 2583
15632, 2583
15633, 10375 2583
15634, 2583
15635, 2583
15636, 2583
15637, 2583
15638, 2583
15639, 2583
15640, 2583
15641, 2583
15642, 14579
15645, 22040 14359
15646, 2191
15647, 10375 4339
15648, 4079 2583
15649, 9830
15651, 2583 12223
15652, 2583
15653, 8915
15655, 14501
15656, 2583
15657, 8340
15660, 2583
15661, 2583
15662, 2583
15663, 2583
15664, 17420 22238
15665, 19159 8070
15666, 17267
15667, 10375
15668, 4339
15669, 22040
15671, 2583
15672, 2583 3325 9830
15673, 22040 4079
15675, 10375 2583 15397
15676, 10375 8933 22193
15677, 2583
15678, 14852
15679, 2583
15680, 2583
15681, 14501
15682, 2583 20550
15683, 2583
15684, 8915 17420
15686, 2583
15687, 8340
15688, 22040 8340
15689, 2583
15690, 2583
15691, 2583
15692, 2583
15693, 2583
15694, 14501
15695, 19159 8915
15696, 22040 8070 19540 9529 9258
15698, 10375 2583
15699, 10375 2583
15700, 4079
15701, 2583
15702, 4079
15703, 10375 4079 2583
15704, 22040
15705, 4339 8915 17420
15706, 2583
15707, 2583
15708, 4079
15709, 2583
15710, 22040
15712, 17420
15713, 3040 13600
15714, 2583 4339
15715, 2583
15716, 2583
15718, 14579
15719, 22040 4339 19159
15720, 17420
15721, 2583
15722, 2583
15723, 2583 9830
15724, 22040 17420
15725, 2583 4339
15727, 22040
15729, 4079
15731, 2583
15732, 2583
15733, 2583
15734, 3040
15735, 2583
15736, 2583
15737, 22040 19159
15738, 22040
15739, 8070
15740, 7525
15742, 14579
15743, 10375 4079 1743
15744, 4339
15745, 10375 2583
15746, 10375 2583
15747, 2583
15748, 2051
15749, 2583 4339
15750, 2583
15751, 2583
15752, 2583
15753, 2583
15754, 10375 22040 4339
15755, 2583
15756, 4339
15758, 2583
15759, 11352
15760, 2583
15762, 2583
15763, 2647
15764, 10375
15765, 2583
15766, 22040 8340
15767, 2583
15769, 2583
15770, 2583
15772, 8340
15773, 14579
15774, 22040 2583 14909
15776, 4079 8676
15777, 2583
15778, 2583
15779, 4079 6428
15780, 2583
15781, 22040
15782, 10375 2583 15397
15783, 2583
15784, 22040
15785, 2583
15786, 2583
15788, 2583
15789, 2583
15790, 2583
15791, 2583
15792, 2583
15793, 6722 2583
15794, 22040 4339
15798, 2583
15799, 2583
15800, 2583
15801, 2583
15802, 4339
15804, 2583
15805, 2583
15806, 2583
15807, 2583
15808, 10467
15810, 2583
15811, 2583
15812, 2583 15397
15813, 4339
15814, 10375 22040 4339 19159
15815, 10375 2583 1231
15817, 2583
15819, 10375 2583 4339
15820, 4673
15821, 2583
15822, 3828 2583
15823, 4339
15824, 2583 4641
15825, 2583
15826, 2583
15827, 10355
15828, 2583
15829, 2583
15830, 2583
15831, 17267
15832, 2583
15833, 2583
15834, 10375
15835, 10375 6843 22040 4079 4339 2404
15836, 2583
15837, 2583
15838, 2583
15839, 2583
15840, 2583
15841, 22040 4339
15843, 2583
15844, 2583
15845, 2583
15846, 10375 2583 15397
15847, 10375 4079 14207
15849, 3040 13188 4079 11062 15561 17267 20550 2906
15850, 2583 5387
15852, 2583
15853, 2583
15854, 2583
15855, 10375
15856, 2583
15858, 10375
15859, 2583
15860, 5258 12223
15861, 4339
15862, 9830
15863, 19403
15864, 2583
15865, 2583
15866, 10375 4641
15868, 2583
15869, 17420 3860
15870, 2583
15871, 10375 4079 21518
15872, 2583
15873, 2583
15874, 2583
15875, 8340
15876, 2583
15878, 2583
15879, 10375
15880, 2583
15883, 2583 4591
15884, 2583
15885, 2583
15886, 2583
15887, 2583
15888, 17420
15889, 2583
15890, 10375
15891, 2583
15892, 1976
15893, 2583
15895, 4339
15896, 2583 5387
15897, 2583
15898, 2583
15899, 2583
15900, 10375 22040 8933 2583 5673 2577
15901, 2583 1223
15903, 2583
15904, 2583
15905, 5387
15906, 2583
15907, 2583 22662
15908, 2583 10355
15909, 19159
15910, 2583
15911, 2583
15912, 19159 8915 9612
15913, 2583
15914, 2583
15915, 2583
15916, 2583
15917, 9047 10355
15918, 22040 9830
15920, 2583
15921, 2583
15924, 10375
15925, 2583
15926, 10375
15927, 2583
15928, 2583
15929, 2583
15930, 2583
15931, 10375 2583
15932, 2583
15933, 2583
15934, 2583
15935, 2583
15936, 22040
15937, 2583
15938, 2583 4339
15940, 2583
15941, 22040
15944, 2583
15945, 9830
15946, 10375
15947, 2583
15948, 2583
15949, 4339
15950, 10375 22040 19159
15951, 4079
15952, 2583
15953, 2583
15954, 2583
15955, 2583
15956, 10375 2583 14909
15958, 2583
15960, 2583
15961, 2583
15962, 2583
15963, 10375
15964, 2583
15965, 2583
15966, 22040
15968, 2583
15969, 10375
15970, 9830
15971, 2583
15972, 2583
15973, 2583
15974, 2583
15975, 2583
15976, 2583
15977, 15397
15978, 9830
15979, 2583
15980, 4079
15981, 22040 2583
15982, 10375 17420
15985, 8933
15986, 2583
15987, 2583
15988, 11352
15990, 2583
15991, 2583
15992, 2583
15994, 2583
15995, 2583
15996, 11143
15997, 2583 5387
15998, 4339
16000, 2583
16001, 2583
16002, 14579
16003, 2583 4339
16004, 10375
16005, 2583
16006, 4339
16007, 2583
16008, 2583
16009, 2583
16010, 22040
16011, 2583
16013, 2583
16014, 3040 22040 12223 20832
16015, 21518
16016, 2583
16017, 2583
16018, 10375 3828 2583 15397
16019, 2583 1223 2404
16020, 2583
16021, 2583
16022, 2583
16023, 8915
16024, 2583
16026, 2051
16027, 22040 2583 20550
16031, 2583
16032, 2583
16033, 22040
16034, 10375
16036, 4339
16037, 2583
16038, 2583
16039, 22040
16040, 22040
16041, 2583
16042, 2583
16043, 12223 5742
16044, 2583
16045, 2583
16046, 22040
16047, 22040
16048, 10375 9085
16049, 2583
16050, 2583
16051, 2583
16052, 2583 4339
16053, 2583 1231
16054, 2583
16055, 2583
16056, 2583
16057, 2583
16058, 2583
16059, 19159
16060, 2583
16062, 10375
16063, 2583
16064, 10375 2583 4339
16065, 10375 4339 2171
16066, 22040
16067, 2583
16068, 2583
16069, 2583 5387
16070, 2583
16071, 2583
16072, 2583
16073, 4079
16074, 2583
16075, 22040 4339
16076, 10375 3040 22040 4079 2583 1231 15397
16077, 2583
16080, 2583
16081, 2583
16082, 10375
16083, 2583
16084, 2583
16086, 2583
16087, 2583
16088, 2583
16089, 2583
16090, 2583
16091, 5387
16092, 22040
16093, 2583
16094, 2404
16095, 2583
16096, 9830
16097, 21518
16098, 9719
16099, 10375 9830 2404 5387 6428
16100, 13600
16101, 8933 10355
16102, 2583
16103, 22040
16104, 2583 20572
16105, 2583
16106, 2583
16107, 13188 2583
16108, 2583
16109, 2583
16111, 2583
16112, 2583
16113, 2583
16115, 2583
16116, 2583
16117, 2171
16118, 2583
16119, 2583
16120, 2583
16121, 22040 20812
16123, 2583
16124, 2583
16125, 2583
16126, 13173
16127, 8933
16128, 2583
16129, 22040
16130, 2583 15969
16131, 2583
16132, 2583
16133, 2583
16134, 10375 2583
16135, 2583
16136, 2583
16137, 22040 2583
16138, 19746
16139, 2583
16140, 2583
16141, 2583
16142, 2583
16143, 2583
16144, 2583
16145, 2583
16146, 2583
16147, 4079 14359
16148, 2583
16149, 2583
16150, 2583
16151, 2583
16153, 15810
16154, 2583
16155, 2583
16156, 2583
16158, 2583
16159, 2583
16160, 2583
16162, 13188 2583 11062 15561
16163, 2583
16165, 2583
16166, 2583
16167, 2583
16168, 10375 4079 22786
16169, 10375
16170, 10375 4079 4339
16171, 10375 22040 4079
16172, 2583
16173, 2583
16174, 15810
16175, 4079
16176, 2583
16177, 2583
16178, 10375 2583
16179, 22040
16180, 2583
16181, 22040
16183, 22040
16184, 10375
16185, 2583
16186, 2583
16187, 10375
16189, 2583
16190, 2583
16191, 10249 4079
16192, 22040
16193, 2583
16194, 2583
16195, 2583
16196, 2583
16197, 2583 15397
16198, 2583
16199, 22040
16200, 10375
16201, 2583
16202, 2583
16203, 10375 22040 4339 19159 6183
16204, 2583
16205, 2583
16206, 10375
16207, 2583
16208, 2583
16209, 2583
16210, 10375
16211, 4079
16212, 10375
16213, 2583
16214, 10375
16215, 2583
16216, 10375
16217, 22040
16218, 2404 5387
16219, 22040 2583
16220, 2583
16221, 10375
16222, 2583
16223, 2583
16224, 10375 4848 2583
16225, 2583
16226, 4079
16227, 2583
16228, 2583
16229, 2583
16230, 10375
16231, 2583
16232, 2583
16233, 2583
16234, 2583
16235, 2583
16236, 2583
16237, 2583
16239, 22040
16240, 2583
16241, 4079
16242, 2583
16243, 2583 4339
16244, 2583
16245, 2583
16246, 10375 2583 4339
16247, 20572
16248, 22040
16250, 2583
16252, 2583
16255, 10375 22040 4079 6315
16256, 10375
16257, 2583
16258, 2583
16260, 2583
16261, 2583
16262, 2583
16264, 2583
16265, 10375
16266, 2583
16267, 2583
16268, 3040
16269, 10375
16272, 2583
16273, 2583
16274, 22040
16275, 22040
16276, 2583 9742
16277, 2583
16278, 2583
16279, 2583 19403
16280, 4079
16282, 2583
16283, 2583
16284, 2583
16285, 2583
16286, 3828 2583
16287, 22040
16288, 2583
16289, 22040
16290, 2583
16291, 22040
16292, 2583
16293, 8340
16294, 22040
16295, 9830
16296, 10375
16297, 2583
16298, 2583
16300, 2583
16301, 6243
16302, 2583
16303, 10375
16304, 10375
16305, 2583
16306, 2583
16307, 2583
16308, 22040 8340
16309, 10375 4192 6243
16310, 2583
16311, 2583
16312, 2583
16313, 2583
16314, 2583 12124
16316, 2583
16317, 6243
16318, 2583
16319, 22040
16321, 2583
16322, 8933
16323, 2583
16324, 2583
16325, 2583
16326, 2583
16327, 2583
16328, 4848
16329, 2583
16330, 10375
16331, 22040
16332, 4079
16334, 2583
16335, 22040
16338, 2583
16339, 10375
16340, 22040 2583
16341, 22040
16342, 2583
16344, 2583
16345, 12827
16346, 10375
16347, 2583
16348, 2583
16349, 22040
16350, 2583
16351, 2583
16352, 2583 18291
16353, 19746
16354, 10375 4079 9830 14579
16355, 2583
16357, 2583
16359, 2583
16360, 2583
16361, 4848 10355
16362, 2583
16363, 10375
16364, 2583
16365, 4848 2583
16366, 2583
16367, 10375
16368, 22040
16369, 2583
16370, 2583
16371, 2583
16372, 4848 2583
16373, 2583
16374, 2583
16375, 2583
16376, 2583
16377, 2583
16379, 2583
16380, 9830
16381, 10375 8933 2583
16382, 8933 3325
16383, 10375
16384, 10375
16385, 2583
16386, 22040 6722 2583
16387, 2583 5387
16388, 2583
16389, 2583
16390, 2583
16391, 22040
16392, 2583
16393, 2583
16394, 22040
16395, 2583
16396, 3828 2583
16398, 10375
16399, 2583
16400, 22040
16401, 2583
16403, 2583
16404, 4079 2583
16406, 2583
16407, 2583
16409, 2583
16410, 2583
16411, 2583
16412, 2583 6243
16413, 4848 2583
16414, 2583
16415, 10375 4079
16416, 2583
16417, 2583 9830 10467
16418, 22040 4079
16419, 2583
16420, 2583
16421, 2583
16422, 2583
16423, 22662
16424, 2583
16425, 2583
16426, 2583
16427, 2583
16428, 10375
16429, 2583
16430, 4079
16432, 3040
16433, 10375 22040 4079
16435, 10375 22040 4079
16436, 2583
16437, 10375
16438, 2583
16439, 10375
16440, 2583
16441, 2583
16442, 8933 2583
16443, 2583
16444, 9047
16445, 2583
16446, 2583
16447, 2583
16448, 2583
16449, 6762
16450, 10375 4079 2583 2404
16451, 2583
